FIPS,State,County,Population_2020,Rural
1001,Alabama,Autauga,58800,0
1003,Alabama,Baldwin,231767,0
1005,Alabama,Barbour,25226,1
1007,Alabama,Bibb,22284,1
1009,Alabama,Blount,59130,0
1011,Alabama,Bullock,10355,1
1013,Alabama,Butler,19048,1
1015,Alabama,Calhoun,116437,0
1017,Alabama,Chambers,34692,1
1019,Alabama,Cherokee,24984,1
1021,Alabama,Chilton,45012,1
1023,Alabama,Choctaw,12664,1
1025,Alabama,Clarke,23091,1
1027,Alabama,Clay,14235,1
1029,Alabama,Cleburne,15055,1
1031,Alabama,Coffee,53470,0
1033,Alabama,Colbert,57232,0
1035,Alabama,Conecuh,11594,1
1037,Alabama,Coosa,10379,1
1039,Alabama,Covington,37570,1
1041,Alabama,Crenshaw,13201,1
1043,Alabama,Cullman,87861,0
1045,Alabama,Dale,49320,1
1047,Alabama,Dallas,38470,1
1049,Alabama,DeKalb,71627,0
1051,Alabama,Elmore,87980,0
1053,Alabama,Escambia,36768,1
1055,Alabama,Etowah,103415,0
1057,Alabama,Fayette,16322,1
1059,Alabama,Franklin,32111,1
1061,Alabama,Geneva,26662,1
1063,Alabama,Greene,7732,1
1065,Alabama,Hale,14788,1
1067,Alabama,Henry,17141,1
1069,Alabama,Houston,107213,0
1071,Alabama,Jackson,52563,0
1073,Alabama,Jefferson,674311,0
1075,Alabama,Lamar,13971,1
1077,Alabama,Lauderdale,93560,0
1079,Alabama,Lawrence,33058,1
1081,Alabama,Lee,174341,0
1083,Alabama,Limestone,103561,0
1085,Alabama,Lowndes,10319,1
1087,Alabama,Macon,19531,1
1089,Alabama,Madison,388156,0
1091,Alabama,Marengo,19325,1
1093,Alabama,Marion,29334,1
1095,Alabama,Marshall,97609,0
1097,Alabama,Mobile,414810,0
1099,Alabama,Monroe,19768,1
1101,Alabama,Montgomery,228957,0
1103,Alabama,Morgan,123452,0
1105,Alabama,Perry,8511,1
1107,Alabama,Pickens,19125,1
1109,Alabama,Pike,33003,1
1111,Alabama,Randolph,21966,1
1113,Alabama,Russell,59171,0
1115,Alabama,St. Clair,91494,0
1117,Alabama,Shelby,223024,0
1119,Alabama,Sumter,12343,1
1121,Alabama,Talladega,82153,0
1123,Alabama,Tallapoosa,41311,1
1125,Alabama,Tuscaloosa,228135,0
1127,Alabama,Walker,65345,0
1129,Alabama,Washington,15390,1
1131,Alabama,Wilcox,10596,1
1133,Alabama,Winston,23540,1
2013,Alaska,Aleutians East,3420,1
2016,Alaska,Aleutians West,5232,1
2020,Alaska,Anchorage,291246,0
2050,Alaska,Bethel,18664,1
2060,Alaska,Bristol Bay,843,1
2063,Alaska,Chugach,7104,1
2066,Alaska,Copper River,2616,1
2068,Alaska,Denali,1624,1
2070,Alaska,Dillingham,4858,1
2090,Alaska,Fairbanks North Star,95667,0
2100,Alaska,Haines,2079,1
2105,Alaska,Hoonah-Angoon,2356,1
2110,Alaska,Juneau,32250,1
2122,Alaska,Kenai Peninsula,58797,0
2130,Alaska,Ketchikan Gateway,13950,1
2150,Alaska,Kodiak Island,13097,1
2158,Alaska,Kusilvak,8368,1
2164,Alaska,Lake and Peninsula,1476,1
2170,Alaska,Matanuska-Susitna,107078,0
2180,Alaska,Nome,10039,1
2185,Alaska,North Slope,11037,1
2188,Alaska,Northwest Arctic,7794,1
2195,Alaska,Petersburg,3401,1
2198,Alaska,Prince of Wales-Hyder,5759,1
2220,Alaska,Sitka,8452,1
2230,Alaska,Skagway,1242,1
2240,Alaska,Southeast Fairbanks,6811,1
2275,Alaska,Wrangell,2127,1
2282,Alaska,Yakutat,663,1
2290,Alaska,Yukon-Koyukuk,5345,1
4001,Arizona,Apache,66024,0
4003,Arizona,Cochise,125440,0
4005,Arizona,Coconino,145098,0
4007,Arizona,Gila,53272,0
4009,Arizona,Graham,38539,1
4011,Arizona,Greenlee,9563,1
4012,Arizona,La Paz,16552,1
4013,Arizona,Maricopa,4425315,0
4015,Arizona,Mohave,213261,0
4017,Arizona,Navajo,106715,0
4019,Arizona,Pima,1043441,0
4021,Arizona,Pinal,426007,0
4023,Arizona,Santa Cruz,47663,1
4025,Arizona,Yavapai,236211,0
4027,Arizona,Yuma,205009,0
5001,Arkansas,Arkansas,17144,1
5003,Arkansas,Ashley,19064,1
5005,Arkansas,Baxter,41637,1
5007,Arkansas,Benton,284334,0
5009,Arkansas,Boone,37374,1
5011,Arkansas,Bradley,10542,1
5013,Arkansas,Calhoun,4740,1
5015,Arkansas,Carroll,28257,1
5017,Arkansas,Chicot,10212,1
5019,Arkansas,Clark,21462,1
5021,Arkansas,Clay,14551,1
5023,Arkansas,Cleburne,24720,1
5025,Arkansas,Cleveland,7551,1
5027,Arkansas,Columbia,22796,1
5029,Arkansas,Conway,20713,1
5031,Arkansas,Craighead,111242,0
5033,Arkansas,Crawford,60135,0
5035,Arkansas,Crittenden,48167,1
5037,Arkansas,Cross,16834,1
5039,Arkansas,Dallas,6478,1
5041,Arkansas,Desha,11395,1
5043,Arkansas,Drew,17346,1
5045,Arkansas,Faulkner,123487,0
5047,Arkansas,Franklin,17104,1
5049,Arkansas,Fulton,12071,1
5051,Arkansas,Garland,100173,0
5053,Arkansas,Grant,17959,1
5055,Arkansas,Greene,45732,1
5057,Arkansas,Hempstead,20065,1
5059,Arkansas,Hot Spring,33043,1
5061,Arkansas,Howard,12786,1
5063,Arkansas,Independence,37933,1
5065,Arkansas,Izard,13580,1
5067,Arkansas,Jackson,16761,1
5069,Arkansas,Jefferson,67258,0
5071,Arkansas,Johnson,25750,1
5073,Arkansas,Lafayette,6306,1
5075,Arkansas,Lawrence,16219,1
5077,Arkansas,Lee,8597,1
5079,Arkansas,Lincoln,12937,1
5081,Arkansas,Little River,12022,1
5083,Arkansas,Logan,21135,1
5085,Arkansas,Lonoke,74025,0
5087,Arkansas,Madison,16533,1
5089,Arkansas,Marion,16822,1
5091,Arkansas,Miller,42596,1
5093,Arkansas,Mississippi,40687,1
5095,Arkansas,Monroe,6797,1
5097,Arkansas,Montgomery,8480,1
5099,Arkansas,Nevada,8315,1
5101,Arkansas,Newton,7226,1
5103,Arkansas,Ouachita,22648,1
5105,Arkansas,Perry,10023,1
5107,Arkansas,Phillips,16570,1
5109,Arkansas,Pike,10162,1
5111,Arkansas,Poinsett,22965,1
5113,Arkansas,Polk,19221,1
5115,Arkansas,Pope,63381,0
5117,Arkansas,Prairie,8283,1
5119,Arkansas,Pulaski,399125,0
5121,Arkansas,Randolph,18573,1
5123,Arkansas,St. Francis,23090,1
5125,Arkansas,Saline,123422,0
5127,Arkansas,Scott,9834,1
5129,Arkansas,Searcy,7832,1
5131,Arkansas,Sebastian,127797,0
5133,Arkansas,Sevier,15842,1
5135,Arkansas,Sharp,17276,1
5137,Arkansas,Stone,12352,1
5139,Arkansas,Union,39057,1
5141,Arkansas,Van Buren,15792,1
5143,Arkansas,Washington,245862,0
5145,Arkansas,White,76825,0
5147,Arkansas,Woodruff,6268,1
5149,Arkansas,Yell,20260,1
6001,California,Alameda,1682296,0
6003,California,Alpine,1176,1
6005,California,Amador,40497,1
6007,California,Butte,211632,0
6009,California,Calaveras,45284,1
6011,California,Colusa,21837,1
6013,California,Contra Costa,1165983,0
6015,California,Del Norte,27742,1
6017,California,El Dorado,191185,0
6019,California,Fresno,1008649,0
6021,California,Glenn,28919,1
6023,California,Humboldt,136467,0
6025,California,Imperial,179710,0
6027,California,Inyo,19024,1
6029,California,Kern,909233,0
6031,California,Kings,152484,0
6033,California,Lake,68164,0
6035,California,Lassen,32733,1
6037,California,Los Angeles,10017401,0
6039,California,Madera,156254,0
6041,California,Marin,262325,0
6043,California,Mariposa,17128,1
6045,California,Mendocino,91587,0
6047,California,Merced,282447,0
6049,California,Modoc,8699,1
6051,California,Mono,13196,1
6053,California,Monterey,441012,0
6055,California,Napa,138014,0
6057,California,Nevada,102236,0
6059,California,Orange,3187256,0
6061,California,Placer,404752,0
6063,California,Plumas,19800,1
6065,California,Riverside,2419967,0
6067,California,Sacramento,1585030,0
6069,California,San Benito,64209,0
6071,California,San Bernardino,2181664,0
6073,California,San Diego,3298647,0
6075,California,San Francisco,878392,0
6077,California,San Joaquin,779232,0
6079,California,San Luis Obispo,282448,0
6081,California,San Mateo,764659,0
6083,California,Santa Barbara,448217,0
6085,California,Santa Clara,1936278,0
6087,California,Santa Cruz,272140,0
6089,California,Shasta,182452,0
6091,California,Sierra,3235,1
6093,California,Siskiyou,44079,1
6095,California,Solano,453551,0
6097,California,Sonoma,488862,0
6099,California,Stanislaus,553285,0
6101,California,Sutter,99635,0
6103,California,Tehama,65905,0
6105,California,Trinity,16116,1
6107,California,Tulare,473121,0
6109,California,Tuolumne,55623,0
6111,California,Ventura,844363,0
6113,California,Yolo,217867,0
6115,California,Yuba,81575,0
8001,Colorado,Adams,519575,0
8003,Colorado,Alamosa,16377,1
8005,Colorado,Arapahoe,655077,0
8007,Colorado,Archuleta,13355,1
8009,Colorado,Baca,3510,1
8011,Colorado,Bent,5651,1
8013,Colorado,Boulder,330770,0
8014,Colorado,Broomfield,74106,0
8015,Colorado,Chaffee,19476,1
8017,Colorado,Cheyenne,1749,1
8019,Colorado,Clear Creek,9360,1
8021,Colorado,Conejos,7459,1
8023,Colorado,Costilla,3496,1
8025,Colorado,Crowley,5917,1
8027,Colorado,Custer,4708,1
8029,Colorado,Delta,31197,1
8031,Colorado,Denver,715513,0
8033,Colorado,Dolores,2325,1
8035,Colorado,Douglas,357990,0
8037,Colorado,Eagle,55722,0
8039,Colorado,Elbert,26046,1
8041,Colorado,El Paso,731781,0
8043,Colorado,Fremont,48937,1
8045,Colorado,Garfield,61689,0
8047,Colorado,Gilpin,5802,1
8049,Colorado,Grand,15714,1
8051,Colorado,Gunnison,16919,1
8053,Colorado,Hinsdale,783,1
8055,Colorado,Huerfano,6812,1
8057,Colorado,Jackson,1380,1
8059,Colorado,Jefferson,582944,0
8061,Colorado,Kiowa,1445,1
8063,Colorado,Kit Carson,7081,1
8065,Colorado,Lake,7436,1
8067,Colorado,La Plata,55638,0
8069,Colorado,Larimer,359065,0
8071,Colorado,Las Animas,14563,1
8073,Colorado,Lincoln,5673,1
8075,Colorado,Logan,21529,1
8077,Colorado,Mesa,155705,0
8079,Colorado,Mineral,865,1
8081,Colorado,Moffat,13293,1
8083,Colorado,Montezuma,25848,1
8085,Colorado,Montrose,42678,1
8087,Colorado,Morgan,29112,1
8089,Colorado,Otero,18686,1
8091,Colorado,Ouray,4880,1
8093,Colorado,Park,17393,1
8095,Colorado,Phillips,4536,1
8097,Colorado,Pitkin,17366,1
8099,Colorado,Prowers,12003,1
8101,Colorado,Pueblo,168162,0
8103,Colorado,Rio Blanco,6526,1
8105,Colorado,Rio Grande,11543,1
8107,Colorado,Routt,24831,1
8109,Colorado,Saguache,6373,1
8111,Colorado,San Juan,701,1
8113,Colorado,San Miguel,8070,1
8115,Colorado,Sedgwick,2401,1
8117,Colorado,Summit,31292,1
8119,Colorado,Teller,24706,1
8121,Colorado,Washington,4818,1
8123,Colorado,Weld,328986,0
8125,Colorado,Yuma,9980,1
9110,Connecticut,Capitol Planning,977685,0
9120,Connecticut,Greater Bridgeport Planning,325778,0
9130,Connecticut,Lower Connecticut River Valley Planning,174224,0
9140,Connecticut,Naugatuck Valley Planning,450166,0
9150,Connecticut,Northeastern Connecticut Planning,95344,0
9160,Connecticut,Northwest Hills Planning,112456,0
9170,Connecticut,South Central Connecticut Planning,570732,0
9180,Connecticut,Southeastern Connecticut Planning,280432,0
9190,Connecticut,Western Connecticut Planning,620884,0
10001,Delaware,Kent,181844,0
10003,Delaware,New Castle,570721,0
10005,Delaware,Sussex,237390,0
11001,District of Columbia,District of,689545,0
12001,Florida,Alachua,278474,0
12003,Florida,Baker,28264,1
12005,Florida,Bay,175210,0
12007,Florida,Bradford,28305,1
12009,Florida,Brevard,606607,0
12011,Florida,Broward,1944404,0
12013,Florida,Calhoun,13642,1
12015,Florida,Charlotte,186824,0
12017,Florida,Citrus,153845,0
12019,Florida,Clay,218245,0
12021,Florida,Collier,375761,0
12023,Florida,Columbia,69698,0
12027,Florida,DeSoto,33975,1
12029,Florida,Dixie,16756,1
12031,Florida,Duval,995561,0
12033,Florida,Escambia,321904,0
12035,Florida,Flagler,115375,0
12037,Florida,Franklin,12454,1
12039,Florida,Gadsden,43819,1
12041,Florida,Gilchrist,17860,1
12043,Florida,Glades,12126,1
12045,Florida,Gulf,14195,1
12047,Florida,Hamilton,14004,1
12049,Florida,Hardee,25332,1
12051,Florida,Hendry,39619,1
12053,Florida,Hernando,194510,0
12055,Florida,Highlands,101232,0
12057,Florida,Hillsborough,1459774,0
12059,Florida,Holmes,19655,1
12061,Florida,Indian River,159789,0
12063,Florida,Jackson,47316,1
12065,Florida,Jefferson,14512,1
12067,Florida,Lafayette,8228,1
12069,Florida,Lake,383964,0
12071,Florida,Lee,760822,0
12073,Florida,Leon,292207,0
12075,Florida,Levy,42913,1
12077,Florida,Liberty,7979,1
12079,Florida,Madison,17971,1
12081,Florida,Manatee,399716,0
12083,Florida,Marion,375902,0
12085,Florida,Martin,158430,0
12086,Florida,Miami-Dade,2701751,0
12087,Florida,Monroe,82870,0
12089,Florida,Nassau,90356,0
12091,Florida,Okaloosa,211662,0
12093,Florida,Okeechobee,39640,1
12095,Florida,Orange,1429910,0
12097,Florida,Osceola,388661,0
12099,Florida,Palm Beach,1492202,0
12101,Florida,Pasco,561890,0
12103,Florida,Pinellas,959111,0
12105,Florida,Polk,725036,0
12107,Florida,Putnam,73325,0
12109,Florida,St. Johns,273423,0
12111,Florida,St. Lucie,329224,0
12113,Florida,Santa Rosa,187998,0
12115,Florida,Sarasota,434008,0
12117,Florida,Seminole,470852,0
12119,Florida,Sumter,129753,0
12121,Florida,Suwannee,43473,1
12123,Florida,Taylor,21797,1
12125,Florida,Union,16141,1
12127,Florida,Volusia,553544,0
12129,Florida,Wakulla,33766,1
12131,Florida,Walton,75309,0
12133,Florida,Washington,25311,1
13001,Georgia,Appling,18443,1
13003,Georgia,Atkinson,8289,1
13005,Georgia,Bacon,11143,1
13007,Georgia,Baker,2873,1
13009,Georgia,Baldwin,43791,1
13011,Georgia,Banks,18092,1
13013,Georgia,Barrow,83527,0
13015,Georgia,Bartow,108900,0
13017,Georgia,Ben Hill,17191,1
13019,Georgia,Berrien,18159,1
13021,Georgia,Bibb,157345,0
13023,Georgia,Bleckley,12585,1
13025,Georgia,Brantley,18021,1
13027,Georgia,Brooks,16300,1
13029,Georgia,Bryan,44739,1
13031,Georgia,Bulloch,79643,0
13033,Georgia,Burke,24598,1
13035,Georgia,Butts,25438,1
13037,Georgia,Calhoun,5575,1
13039,Georgia,Camden,54770,0
13043,Georgia,Candler,10991,1
13045,Georgia,Carroll,119132,0
13047,Georgia,Catoosa,67873,0
13049,Georgia,Charlton,12516,1
13051,Georgia,Chatham,295264,0
13053,Georgia,Chattahoochee,9569,1
13055,Georgia,Chattooga,24971,1
13057,Georgia,Cherokee,266600,0
13059,Georgia,Clarke,128662,0
13061,Georgia,Clay,2846,1
13063,Georgia,Clayton,299394,0
13065,Georgia,Clinch,6745,1
13067,Georgia,Cobb,766086,0
13069,Georgia,Coffee,43088,1
13071,Georgia,Colquitt,45899,1
13073,Georgia,Columbia,156011,0
13075,Georgia,Cook,17231,1
13077,Georgia,Coweta,146169,0
13079,Georgia,Crawford,12126,1
13081,Georgia,Crisp,20130,1
13083,Georgia,Dade,16246,1
13085,Georgia,Dawson,26797,1
13087,Georgia,Decatur,29367,1
13089,Georgia,DeKalb,764532,0
13091,Georgia,Dodge,20002,1
13093,Georgia,Dooly,11214,1
13095,Georgia,Dougherty,85796,0
13097,Georgia,Douglas,144336,0
13099,Georgia,Early,10851,1
13101,Georgia,Echols,3704,1
13103,Georgia,Effingham,64792,0
13105,Georgia,Elbert,19634,1
13107,Georgia,Emanuel,22772,1
13109,Georgia,Evans,10776,1
13111,Georgia,Fannin,25320,1
13113,Georgia,Fayette,119196,0
13115,Georgia,Floyd,98580,0
13117,Georgia,Forsyth,251285,0
13119,Georgia,Franklin,23429,1
13121,Georgia,Fulton,1066546,0
13123,Georgia,Gilmer,31342,1
13125,Georgia,Glascock,2880,1
13127,Georgia,Glynn,84505,0
13129,Georgia,Gordon,57548,0
13131,Georgia,Grady,26238,1
13133,Georgia,Greene,18915,1
13135,Georgia,Gwinnett,957290,0
13137,Georgia,Habersham,46029,1
13139,Georgia,Hall,202823,0
13141,Georgia,Hancock,8733,1
13143,Georgia,Haralson,29918,1
13145,Georgia,Harris,34667,1
13147,Georgia,Hart,25831,1
13149,Georgia,Heard,11410,1
13151,Georgia,Henry,240705,0
13153,Georgia,Houston,163640,0
13155,Georgia,Irwin,9666,1
13157,Georgia,Jackson,75918,0
13159,Georgia,Jasper,14598,1
13161,Georgia,Jeff Davis,14779,1
13163,Georgia,Jefferson,15709,1
13165,Georgia,Jenkins,8675,1
13167,Georgia,Johnson,9188,1
13169,Georgia,Jones,28349,1
13171,Georgia,Lamar,18502,1
13173,Georgia,Lanier,9882,1
13175,Georgia,Laurens,49573,1
13177,Georgia,Lee,33159,1
13179,Georgia,Liberty,65284,0
13181,Georgia,Lincoln,7688,1
13183,Georgia,Long,16151,1
13185,Georgia,Lowndes,118253,0
13187,Georgia,Lumpkin,33487,1
13189,Georgia,McDuffie,21632,1
13191,Georgia,McIntosh,10972,1
13193,Georgia,Macon,12078,1
13195,Georgia,Madison,30127,1
13197,Georgia,Marion,7503,1
13199,Georgia,Meriwether,20622,1
13201,Georgia,Miller,6000,1
13205,Georgia,Mitchell,21766,1
13207,Georgia,Monroe,27957,1
13209,Georgia,Montgomery,8602,1
13211,Georgia,Morgan,20100,1
13213,Georgia,Murray,39975,1
13215,Georgia,Muscogee,206918,0
13217,Georgia,Newton,112529,0
13219,Georgia,Oconee,41804,1
13221,Georgia,Oglethorpe,14823,1
13223,Georgia,Paulding,168651,0
13225,Georgia,Peach,27988,1
13227,Georgia,Pickens,33222,1
13229,Georgia,Pierce,19713,1
13231,Georgia,Pike,18885,1
13233,Georgia,Polk,42848,1
13235,Georgia,Pulaski,9857,1
13237,Georgia,Putnam,22044,1
13239,Georgia,Quitman,2234,1
13241,Georgia,Rabun,16879,1
13243,Georgia,Randolph,6417,1
13245,Georgia,Richmond,206601,0
13247,Georgia,Rockdale,93513,0
13249,Georgia,Schley,4550,1
13251,Georgia,Screven,14065,1
13253,Georgia,Seminole,9152,1
13255,Georgia,Spalding,67301,0
13257,Georgia,Stephens,26776,1
13259,Georgia,Stewart,5311,1
13261,Georgia,Sumter,29614,1
13263,Georgia,Talbot,5733,1
13265,Georgia,Taliaferro,1558,1
13267,Georgia,Tattnall,24287,1
13269,Georgia,Taylor,7815,1
13271,Georgia,Telfair,12472,1
13273,Georgia,Terrell,9184,1
13275,Georgia,Thomas,45800,1
13277,Georgia,Tift,41359,1
13279,Georgia,Toombs,27030,1
13281,Georgia,Towns,12490,1
13283,Georgia,Treutlen,6397,1
13285,Georgia,Troup,69432,0
13287,Georgia,Turner,9002,1
13289,Georgia,Twiggs,8022,1
13291,Georgia,Union,24625,1
13293,Georgia,Upson,27696,1
13295,Georgia,Walker,67658,0
13297,Georgia,Walton,96636,0
13299,Georgia,Ware,36247,1
13301,Georgia,Warren,5215,1
13303,Georgia,Washington,19998,1
13305,Georgia,Wayne,30141,1
13307,Georgia,Webster,2349,1
13309,Georgia,Wheeler,7482,1
13311,Georgia,White,28004,1
13313,Georgia,Whitfield,102873,0
13315,Georgia,Wilcox,8769,1
13317,Georgia,Wilkes,9561,1
13319,Georgia,Wilkinson,8881,1
13321,Georgia,Worth,20775,1
15001,Hawaii,Hawaii,200629,0
15003,Hawaii,Honolulu,1016494,0
15005,Hawaii,Kalawao,80,1
15007,Hawaii,Kauai,73292,0
15009,Hawaii,Maui,164757,0
16001,Idaho,Ada,494969,0
16003,Idaho,Adams,4379,1
16005,Idaho,Bannock,87023,0
16007,Idaho,Bear Lake,6370,1
16009,Idaho,Benewah,9532,1
16011,Idaho,Bingham,47983,1
16013,Idaho,Blaine,24274,1
16015,Idaho,Boise,7613,1
16017,Idaho,Bonner,47109,1
16019,Idaho,Bonneville,123957,0
16021,Idaho,Boundary,12060,1
16023,Idaho,Butte,2575,1
16025,Idaho,Camas,1074,1
16027,Idaho,Canyon,231116,0
16029,Idaho,Caribou,7030,1
16031,Idaho,Cassia,24685,1
16033,Idaho,Clark,790,1
16035,Idaho,Clearwater,8730,1
16037,Idaho,Custer,4276,1
16039,Idaho,Elmore,28674,1
16041,Idaho,Franklin,14194,1
16043,Idaho,Fremont,13385,1
16045,Idaho,Gem,19127,1
16047,Idaho,Gooding,15608,1
16049,Idaho,Idaho,16544,1
16051,Idaho,Jefferson,30891,1
16053,Idaho,Jerome,24238,1
16055,Idaho,Kootenai,171362,0
16057,Idaho,Latah,39521,1
16059,Idaho,Lemhi,7975,1
16061,Idaho,Lewis,3523,1
16063,Idaho,Lincoln,5129,1
16065,Idaho,Madison,52911,0
16067,Idaho,Minidoka,21584,1
16069,Idaho,Nez Perce,42091,1
16071,Idaho,Oneida,4564,1
16073,Idaho,Owyhee,11918,1
16075,Idaho,Payette,25385,1
16077,Idaho,Power,7879,1
16079,Idaho,Shoshone,13173,1
16081,Idaho,Teton,11630,1
16083,Idaho,Twin Falls,90048,0
16085,Idaho,Valley,11742,1
16087,Idaho,Washington,10499,1
17001,Illinois,Adams,65736,0
17003,Illinois,Alexander,5241,1
17005,Illinois,Bond,16895,1
17007,Illinois,Boone,53446,0
17009,Illinois,Brown,6250,1
17011,Illinois,Bureau,33274,1
17013,Illinois,Calhoun,4434,1
17015,Illinois,Carroll,15714,1
17017,Illinois,Cass,13034,1
17019,Illinois,Champaign,206455,0
17021,Illinois,Christian,34059,1
17023,Illinois,Clark,15481,1
17025,Illinois,Clay,13289,1
17027,Illinois,Clinton,36903,1
17029,Illinois,Coles,47192,1
17031,Illinois,Cook,5278969,0
17033,Illinois,Crawford,18659,1
17035,Illinois,Cumberland,10457,1
17037,Illinois,DeKalb,100514,0
17039,Illinois,De Witt,15521,1
17041,Illinois,Douglas,19751,1
17043,Illinois,DuPage,933031,0
17045,Illinois,Edgar,16876,1
17047,Illinois,Edwards,6244,1
17049,Illinois,Effingham,34679,1
17051,Illinois,Fayette,21490,1
17053,Illinois,Ford,13522,1
17055,Illinois,Franklin,37820,1
17057,Illinois,Fulton,33673,1
17059,Illinois,Gallatin,4954,1
17061,Illinois,Greene,11986,1
17063,Illinois,Grundy,52554,0
17065,Illinois,Hamilton,7989,1
17067,Illinois,Hancock,17628,1
17069,Illinois,Hardin,3651,1
17071,Illinois,Henderson,6385,1
17073,Illinois,Henry,49289,1
17075,Illinois,Iroquois,27063,1
17077,Illinois,Jackson,53338,0
17079,Illinois,Jasper,9300,1
17081,Illinois,Jefferson,37113,1
17083,Illinois,Jersey,21513,1
17085,Illinois,Jo Daviess,22082,1
17087,Illinois,Johnson,13307,1
17089,Illinois,Kane,516722,0
17091,Illinois,Kankakee,107647,0
17093,Illinois,Kendall,131863,0
17095,Illinois,Knox,49970,1
17097,Illinois,Lake,714412,0
17099,Illinois,LaSalle,109646,0
17101,Illinois,Lawrence,15307,1
17103,Illinois,Lee,34151,1
17105,Illinois,Livingston,35848,1
17107,Illinois,Logan,27987,1
17109,Illinois,McDonough,27250,1
17111,Illinois,McHenry,310289,0
17113,Illinois,McLean,171241,0
17115,Illinois,Macon,103996,0
17117,Illinois,Macoupin,45039,1
17119,Illinois,Madison,265972,0
17121,Illinois,Marion,37738,1
17123,Illinois,Marshall,11745,1
17125,Illinois,Mason,13086,1
17127,Illinois,Massac,14172,1
17129,Illinois,Menard,12296,1
17131,Illinois,Mercer,15696,1
17133,Illinois,Monroe,34954,1
17135,Illinois,Montgomery,28321,1
17137,Illinois,Morgan,33567,1
17139,Illinois,Moultrie,14537,1
17141,Illinois,Ogle,51847,0
17143,Illinois,Peoria,182021,0
17145,Illinois,Perry,20945,1
17147,Illinois,Piatt,16678,1
17149,Illinois,Pike,14731,1
17151,Illinois,Pope,3768,1
17153,Illinois,Pulaski,5208,1
17155,Illinois,Putnam,5637,1
17157,Illinois,Randolph,30159,1
17159,Illinois,Richland,15825,1
17161,Illinois,Rock Island,144665,0
17163,Illinois,St. Clair,257631,0
17165,Illinois,Saline,23821,1
17167,Illinois,Sangamon,196412,0
17169,Illinois,Schuyler,6901,1
17171,Illinois,Scott,5080,1
17173,Illinois,Shelby,20978,1
17175,Illinois,Stark,5401,1
17177,Illinois,Stephenson,44700,1
17179,Illinois,Tazewell,131552,0
17181,Illinois,Union,17353,1
17183,Illinois,Vermilion,74203,0
17185,Illinois,Wabash,11359,1
17187,Illinois,Warren,16842,1
17189,Illinois,Washington,13767,1
17191,Illinois,Wayne,16206,1
17193,Illinois,White,13876,1
17195,Illinois,Whiteside,55700,0
17197,Illinois,Will,697353,0
17199,Illinois,Williamson,67154,0
17201,Illinois,Winnebago,285371,0
17203,Illinois,Woodford,38457,1
18001,Indiana,Adams,35819,1
18003,Indiana,Allen,385402,0
18005,Indiana,Bartholomew,82204,0
18007,Indiana,Benton,8708,1
18009,Indiana,Blackford,12112,1
18011,Indiana,Boone,70800,0
18013,Indiana,Brown,15468,1
18015,Indiana,Carroll,20299,1
18017,Indiana,Cass,37867,1
18019,Indiana,Clark,121106,0
18021,Indiana,Clay,26461,1
18023,Indiana,Clinton,33183,1
18025,Indiana,Crawford,10525,1
18027,Indiana,Daviess,33389,1
18029,Indiana,Dearborn,50678,0
18031,Indiana,Decatur,26475,1
18033,Indiana,DeKalb,43272,1
18035,Indiana,Delaware,111907,0
18037,Indiana,Dubois,43630,1
18039,Indiana,Elkhart,207058,0
18041,Indiana,Fayette,23395,1
18043,Indiana,Floyd,80473,0
18045,Indiana,Fountain,16480,1
18047,Indiana,Franklin,22790,1
18049,Indiana,Fulton,20477,1
18051,Indiana,Gibson,33016,1
18053,Indiana,Grant,66678,0
18055,Indiana,Greene,30807,1
18057,Indiana,Hamilton,347491,0
18059,Indiana,Hancock,79836,0
18061,Indiana,Harrison,39651,1
18063,Indiana,Hendricks,174791,0
18065,Indiana,Henry,48915,1
18067,Indiana,Howard,83660,0
18069,Indiana,Huntington,36666,1
18071,Indiana,Jackson,46434,1
18073,Indiana,Jasper,32910,1
18075,Indiana,Jay,20477,1
18077,Indiana,Jefferson,33145,1
18079,Indiana,Jennings,27607,1
18081,Indiana,Johnson,161780,0
18083,Indiana,Knox,36287,1
18085,Indiana,Kosciusko,80250,0
18087,Indiana,LaGrange,40443,1
18089,Indiana,Lake,498695,0
18091,Indiana,LaPorte,112420,0
18093,Indiana,Lawrence,45005,1
18095,Indiana,Madison,130111,0
18097,Indiana,Marion,977206,0
18099,Indiana,Marshall,46083,1
18101,Indiana,Martin,9812,1
18103,Indiana,Miami,35961,1
18105,Indiana,Monroe,140773,0
18107,Indiana,Montgomery,37936,1
18109,Indiana,Morgan,71781,0
18111,Indiana,Newton,13827,1
18113,Indiana,Noble,47467,1
18115,Indiana,Ohio,5932,1
18117,Indiana,Orange,19873,1
18119,Indiana,Owen,21332,1
18121,Indiana,Parke,16163,1
18123,Indiana,Perry,19172,1
18125,Indiana,Pike,12256,1
18127,Indiana,Porter,173224,0
18129,Indiana,Posey,25217,1
18131,Indiana,Pulaski,12517,1
18133,Indiana,Putnam,36726,1
18135,Indiana,Randolph,24507,1
18137,Indiana,Ripley,28989,1
18139,Indiana,Rush,16752,1
18141,Indiana,St. Joseph,272908,0
18143,Indiana,Scott,24385,1
18145,Indiana,Shelby,45053,1
18147,Indiana,Spencer,19811,1
18149,Indiana,Starke,23384,1
18151,Indiana,Steuben,34444,1
18153,Indiana,Sullivan,20817,1
18155,Indiana,Switzerland,9754,1
18157,Indiana,Tippecanoe,186246,0
18159,Indiana,Tipton,15352,1
18161,Indiana,Union,7084,1
18163,Indiana,Vanderburgh,180133,0
18165,Indiana,Vermillion,15434,1
18167,Indiana,Vigo,106162,0
18169,Indiana,Wabash,30972,1
18171,Indiana,Warren,8436,1
18173,Indiana,Warrick,63889,0
18175,Indiana,Washington,28161,1
18177,Indiana,Wayne,66544,0
18179,Indiana,Wells,28173,1
18181,Indiana,White,24698,1
18183,Indiana,Whitley,34188,1
19001,Iowa,Adair,7493,1
19003,Iowa,Adams,3708,1
19005,Iowa,Allamakee,14061,1
19007,Iowa,Appanoose,12311,1
19009,Iowa,Audubon,5673,1
19011,Iowa,Benton,25584,1
19013,Iowa,Black Hawk,131142,0
19015,Iowa,Boone,26712,1
19017,Iowa,Bremer,24985,1
19019,Iowa,Buchanan,20563,1
19021,Iowa,Buena Vista,20826,1
19023,Iowa,Butler,14336,1
19025,Iowa,Calhoun,9926,1
19027,Iowa,Carroll,20766,1
19029,Iowa,Cass,13126,1
19031,Iowa,Cedar,18487,1
19033,Iowa,Cerro Gordo,43127,1
19035,Iowa,Cherokee,11658,1
19037,Iowa,Chickasaw,12008,1
19039,Iowa,Clarke,9747,1
19041,Iowa,Clay,16380,1
19043,Iowa,Clayton,17048,1
19045,Iowa,Clinton,46460,1
19047,Iowa,Crawford,16526,1
19049,Iowa,Dallas,99735,0
19051,Iowa,Davis,9112,1
19053,Iowa,Decatur,7767,1
19055,Iowa,Delaware,17479,1
19057,Iowa,Des Moines,38940,1
19059,Iowa,Dickinson,17708,1
19061,Iowa,Dubuque,99275,0
19063,Iowa,Emmet,9388,1
19065,Iowa,Fayette,19513,1
19067,Iowa,Floyd,15627,1
19069,Iowa,Franklin,10012,1
19071,Iowa,Fremont,6601,1
19073,Iowa,Greene,8762,1
19075,Iowa,Grundy,12339,1
19077,Iowa,Guthrie,10627,1
19079,Iowa,Hamilton,15039,1
19081,Iowa,Hancock,10793,1
19083,Iowa,Hardin,16875,1
19085,Iowa,Harrison,14579,1
19087,Iowa,Henry,20482,1
19089,Iowa,Howard,9473,1
19091,Iowa,Humboldt,9597,1
19093,Iowa,Ida,7010,1
19095,Iowa,Iowa,16660,1
19097,Iowa,Jackson,19482,1
19099,Iowa,Jasper,37811,1
19101,Iowa,Jefferson,15667,1
19103,Iowa,Johnson,152854,0
19105,Iowa,Jones,20643,1
19107,Iowa,Keokuk,10033,1
19109,Iowa,Kossuth,14817,1
19111,Iowa,Lee,33553,1
19113,Iowa,Linn,230303,0
19115,Iowa,Louisa,10839,1
19117,Iowa,Lucas,8635,1
19119,Iowa,Lyon,11929,1
19121,Iowa,Madison,16545,1
19123,Iowa,Mahaska,22191,1
19125,Iowa,Marion,33417,1
19127,Iowa,Marshall,40100,1
19129,Iowa,Mills,14503,1
19131,Iowa,Mitchell,10560,1
19133,Iowa,Monona,8752,1
19135,Iowa,Monroe,7573,1
19137,Iowa,Montgomery,10326,1
19139,Iowa,Muscatine,43249,1
19141,Iowa,O'Brien,14180,1
19143,Iowa,Osceola,6193,1
19145,Iowa,Page,15214,1
19147,Iowa,Palo Alto,9001,1
19149,Iowa,Plymouth,25698,1
19151,Iowa,Pocahontas,7078,1
19153,Iowa,Polk,492402,0
19155,Iowa,Pottawattamie,93647,0
19157,Iowa,Poweshiek,18656,1
19159,Iowa,Ringgold,4663,1
19161,Iowa,Sac,9823,1
19163,Iowa,Scott,174681,0
19165,Iowa,Shelby,11749,1
19167,Iowa,Sioux,35876,1
19169,Iowa,Story,98534,0
19171,Iowa,Tama,17096,1
19173,Iowa,Taylor,5892,1
19175,Iowa,Union,12138,1
19177,Iowa,Van Buren,7202,1
19179,Iowa,Wapello,35435,1
19181,Iowa,Warren,52397,0
19183,Iowa,Washington,22565,1
19185,Iowa,Wayne,6492,1
19187,Iowa,Webster,36998,1
19189,Iowa,Winnebago,10676,1
19191,Iowa,Winneshiek,20069,1
19193,Iowa,Woodbury,105976,0
19195,Iowa,Worth,7439,1
19197,Iowa,Wright,12948,1
20001,Kansas,Allen,12526,1
20003,Kansas,Anderson,7836,1
20005,Kansas,Atchison,16344,1
20007,Kansas,Barber,4233,1
20009,Kansas,Barton,25499,1
20011,Kansas,Bourbon,14358,1
20013,Kansas,Brown,9507,1
20015,Kansas,Butler,67372,0
20017,Kansas,Chase,2577,1
20019,Kansas,Chautauqua,3378,1
20021,Kansas,Cherokee,19358,1
20023,Kansas,Cheyenne,2614,1
20025,Kansas,Clark,1990,1
20027,Kansas,Clay,8116,1
20029,Kansas,Cloud,9043,1
20031,Kansas,Coffey,8361,1
20033,Kansas,Comanche,1689,1
20035,Kansas,Cowley,34554,1
20037,Kansas,Crawford,38971,1
20039,Kansas,Decatur,2752,1
20041,Kansas,Dickinson,18393,1
20043,Kansas,Doniphan,7503,1
20045,Kansas,Douglas,118777,0
20047,Kansas,Edwards,2902,1
20049,Kansas,Elk,2476,1
20051,Kansas,Ellis,28935,1
20053,Kansas,Ellsworth,6383,1
20055,Kansas,Finney,38469,1
20057,Kansas,Ford,34291,1
20059,Kansas,Franklin,25996,1
20061,Kansas,Geary,36738,1
20063,Kansas,Gove,2724,1
20065,Kansas,Graham,2415,1
20067,Kansas,Grant,7352,1
20069,Kansas,Gray,5648,1
20071,Kansas,Greeley,1283,1
20073,Kansas,Greenwood,6015,1
20075,Kansas,Hamilton,2517,1
20077,Kansas,Harper,5485,1
20079,Kansas,Harvey,34027,1
20081,Kansas,Haskell,3781,1
20083,Kansas,Hodgeman,1721,1
20085,Kansas,Jackson,13230,1
20087,Kansas,Jefferson,18362,1
20089,Kansas,Jewell,2931,1
20091,Kansas,Johnson,609860,0
20093,Kansas,Kearny,3980,1
20095,Kansas,Kingman,7468,1
20097,Kansas,Kiowa,2459,1
20099,Kansas,Labette,20179,1
20101,Kansas,Lane,1575,1
20103,Kansas,Leavenworth,81896,0
20105,Kansas,Lincoln,2937,1
20107,Kansas,Linn,9595,1
20109,Kansas,Logan,2761,1
20111,Kansas,Lyon,32177,1
20113,Kansas,McPherson,30220,1
20115,Kansas,Marion,11826,1
20117,Kansas,Marshall,10032,1
20119,Kansas,Meade,4063,1
20121,Kansas,Miami,34185,1
20123,Kansas,Mitchell,5797,1
20125,Kansas,Montgomery,31486,1
20127,Kansas,Morris,5391,1
20129,Kansas,Morton,2703,1
20131,Kansas,Nemaha,10273,1
20133,Kansas,Neosho,15900,1
20135,Kansas,Ness,2687,1
20137,Kansas,Norton,5456,1
20139,Kansas,Osage,15761,1
20141,Kansas,Osborne,3495,1
20143,Kansas,Ottawa,5731,1
20145,Kansas,Pawnee,6245,1
20147,Kansas,Phillips,4971,1
20149,Kansas,Pottawatomie,25350,1
20151,Kansas,Pratt,9149,1
20153,Kansas,Rawlins,2568,1
20155,Kansas,Reno,61897,0
20157,Kansas,Republic,4677,1
20159,Kansas,Rice,9422,1
20161,Kansas,Riley,71959,0
20163,Kansas,Rooks,4911,1
20165,Kansas,Rush,2957,1
20167,Kansas,Russell,6686,1
20169,Kansas,Saline,54289,0
20171,Kansas,Scott,5145,1
20173,Kansas,Sedgwick,523831,0
20175,Kansas,Seward,21961,1
20177,Kansas,Shawnee,178905,0
20179,Kansas,Sheridan,2440,1
20181,Kansas,Sherman,5931,1
20183,Kansas,Smith,3567,1
20185,Kansas,Stafford,4067,1
20187,Kansas,Stanton,2086,1
20189,Kansas,Stevens,5252,1
20191,Kansas,Sumner,22369,1
20193,Kansas,Thomas,7931,1
20195,Kansas,Trego,2806,1
20197,Kansas,Wabaunsee,6875,1
20199,Kansas,Wallace,1512,1
20201,Kansas,Washington,5525,1
20203,Kansas,Wichita,2152,1
20205,Kansas,Wilson,8632,1
20207,Kansas,Woodson,3123,1
20209,Kansas,Wyandotte,169229,0
21001,Kentucky,Adair,18901,1
21003,Kentucky,Allen,20577,1
21005,Kentucky,Anderson,23869,1
21007,Kentucky,Ballard,7731,1
21009,Kentucky,Barren,44485,1
21011,Kentucky,Bath,12747,1
21013,Kentucky,Bell,24098,1
21015,Kentucky,Boone,135994,0
21017,Kentucky,Bourbon,20243,1
21019,Kentucky,Boyd,48255,1
21021,Kentucky,Boyle,30622,1
21023,Kentucky,Bracken,8406,1
21025,Kentucky,Breathitt,13722,1
21027,Kentucky,Breckinridge,20432,1
21029,Kentucky,Bullitt,82224,0
21031,Kentucky,Butler,12369,1
21033,Kentucky,Caldwell,12647,1
21035,Kentucky,Calloway,37548,1
21037,Kentucky,Campbell,93076,0
21039,Kentucky,Carlisle,4817,1
21041,Kentucky,Carroll,10807,1
21043,Kentucky,Carter,26630,1
21045,Kentucky,Casey,15942,1
21047,Kentucky,Christian,72798,0
21049,Kentucky,Clark,36996,1
21051,Kentucky,Clay,20336,1
21053,Kentucky,Clinton,9249,1
21055,Kentucky,Crittenden,8988,1
21057,Kentucky,Cumberland,5886,1
21059,Kentucky,Daviess,103315,0
21061,Kentucky,Edmonson,12131,1
21063,Kentucky,Elliott,7353,1
21065,Kentucky,Estill,14162,1
21067,Kentucky,Fayette,322566,0
21069,Kentucky,Fleming,15082,1
21071,Kentucky,Floyd,35942,1
21073,Kentucky,Franklin,51546,0
21075,Kentucky,Fulton,6513,1
21077,Kentucky,Gallatin,8695,1
21079,Kentucky,Garrard,16946,1
21081,Kentucky,Grant,24944,1
21083,Kentucky,Graves,36655,1
21085,Kentucky,Grayson,26417,1
21087,Kentucky,Green,11109,1
21089,Kentucky,Greenup,35969,1
21091,Kentucky,Hancock,9096,1
21093,Kentucky,Hardin,110703,0
21095,Kentucky,Harlan,26834,1
21097,Kentucky,Harrison,18693,1
21099,Kentucky,Hart,19286,1
21101,Kentucky,Henderson,44792,1
21103,Kentucky,Henry,15676,1
21105,Kentucky,Hickman,4522,1
21107,Kentucky,Hopkins,45415,1
21109,Kentucky,Jackson,12961,1
21111,Kentucky,Jefferson,782987,0
21113,Kentucky,Jessamine,52983,0
21115,Kentucky,Johnson,22678,1
21117,Kentucky,Kenton,169039,0
21119,Kentucky,Knott,14250,1
21121,Kentucky,Knox,30196,1
21123,Kentucky,Larue,14865,1
21125,Kentucky,Laurel,62614,0
21127,Kentucky,Lawrence,16290,1
21129,Kentucky,Lee,7386,1
21131,Kentucky,Leslie,10515,1
21133,Kentucky,Letcher,21550,1
21135,Kentucky,Lewis,13084,1
21137,Kentucky,Lincoln,24274,1
21139,Kentucky,Livingston,8889,1
21141,Kentucky,Logan,27430,1
21143,Kentucky,Lyon,8684,1
21145,Kentucky,McCracken,67877,0
21147,Kentucky,McCreary,16887,1
21149,Kentucky,McLean,9150,1
21151,Kentucky,Madison,92701,0
21153,Kentucky,Magoffin,11639,1
21155,Kentucky,Marion,19581,1
21157,Kentucky,Marshall,31659,1
21159,Kentucky,Martin,11287,1
21161,Kentucky,Mason,17125,1
21163,Kentucky,Meade,30007,1
21165,Kentucky,Menifee,6112,1
21167,Kentucky,Mercer,22640,1
21169,Kentucky,Metcalfe,10286,1
21171,Kentucky,Monroe,11336,1
21173,Kentucky,Montgomery,28100,1
21175,Kentucky,Morgan,13725,1
21177,Kentucky,Muhlenberg,30932,1
21179,Kentucky,Nelson,46725,1
21181,Kentucky,Nicholas,7530,1
21183,Kentucky,Ohio,23767,1
21185,Kentucky,Oldham,67608,0
21187,Kentucky,Owen,11268,1
21189,Kentucky,Owsley,4053,1
21191,Kentucky,Pendleton,14646,1
21193,Kentucky,Perry,28471,1
21195,Kentucky,Pike,58668,0
21197,Kentucky,Powell,13131,1
21199,Kentucky,Pulaski,65032,0
21201,Kentucky,Robertson,2195,1
21203,Kentucky,Rockcastle,16039,1
21205,Kentucky,Rowan,24654,1
21207,Kentucky,Russell,17991,1
21209,Kentucky,Scott,57163,0
21211,Kentucky,Shelby,48108,1
21213,Kentucky,Simpson,19596,1
21215,Kentucky,Spencer,19424,1
21217,Kentucky,Taylor,26012,1
21219,Kentucky,Todd,12242,1
21221,Kentucky,Trigg,14056,1
21223,Kentucky,Trimble,8471,1
21225,Kentucky,Union,13671,1
21227,Kentucky,Warren,134561,0
21229,Kentucky,Washington,12023,1
21231,Kentucky,Wayne,19558,1
21233,Kentucky,Webster,13017,1
21235,Kentucky,Whitley,36709,1
21237,Kentucky,Wolfe,6562,1
21239,Kentucky,Woodford,26875,1
22001,Louisiana,Acadia,57571,0
22003,Louisiana,Allen,22752,1
22005,Louisiana,Ascension,126499,0
22007,Louisiana,Assumption,21044,1
22009,Louisiana,Avoyelles,39684,1
22011,Louisiana,Beauregard,36556,1
22013,Louisiana,Bienville,12987,1
22015,Louisiana,Bossier,128764,0
22017,Louisiana,Caddo,237823,0
22019,Louisiana,Calcasieu,216785,0
22021,Louisiana,Caldwell,9647,1
22023,Louisiana,Cameron,5620,1
22025,Louisiana,Catahoula,8907,1
22027,Louisiana,Claiborne,14172,1
22029,Louisiana,Concordia,18681,1
22031,Louisiana,De Soto,26816,1
22033,Louisiana,East Baton Rouge,456794,0
22035,Louisiana,East Carroll,7456,1
22037,Louisiana,East Feliciana,19524,1
22039,Louisiana,Evangeline,32343,1
22041,Louisiana,Franklin,19773,1
22043,Louisiana,Grant,22176,1
22045,Louisiana,Iberia,70290,0
22047,Louisiana,Iberville,30243,1
22049,Louisiana,Jackson,15031,1
22051,Louisiana,Jefferson,440784,0
22053,Louisiana,Jefferson Davis,32249,1
22055,Louisiana,Lafayette,241759,0
22057,Louisiana,Lafourche,97552,0
22059,Louisiana,LaSalle,14802,1
22061,Louisiana,Lincoln,48396,1
22063,Louisiana,Livingston,142288,0
22065,Louisiana,Madison,10007,1
22067,Louisiana,Morehouse,25630,1
22069,Louisiana,Natchitoches,37519,1
22071,Louisiana,Orleans,384130,0
22073,Louisiana,Ouachita,160366,0
22075,Louisiana,Plaquemines,23511,1
22077,Louisiana,Pointe Coupee,20755,1
22079,Louisiana,Rapides,130016,0
22081,Louisiana,Red River,7622,1
22083,Louisiana,Richland,20043,1
22085,Louisiana,Sabine,22155,1
22087,Louisiana,St. Bernard,43765,1
22089,Louisiana,St. Charles,52548,0
22091,Louisiana,St. Helena,10923,1
22093,Louisiana,St. James,20195,1
22095,Louisiana,St. John the Baptist,42472,1
22097,Louisiana,St. Landry,82549,0
22099,Louisiana,St. Martin,51746,0
22101,Louisiana,St. Mary,49408,1
22103,Louisiana,St. Tammany,264573,0
22105,Louisiana,Tangipahoa,133146,0
22107,Louisiana,Tensas,4148,1
22109,Louisiana,Terrebonne,109584,0
22111,Louisiana,Union,21112,1
22113,Louisiana,Vermilion,57001,0
22115,Louisiana,Vernon,48746,1
22117,Louisiana,Washington,45457,1
22119,Louisiana,Webster,36968,1
22121,Louisiana,West Baton Rouge,27201,1
22123,Louisiana,West Carroll,9753,1
22125,Louisiana,West Feliciana,15307,1
22127,Louisiana,Winn,13750,1
23001,Maine,Androscoggin,111133,0
23003,Maine,Aroostook,67088,0
23005,Maine,Cumberland,303080,0
23007,Maine,Franklin,29451,1
23009,Maine,Hancock,55481,0
23011,Maine,Kennebec,124513,0
23013,Maine,Knox,40611,1
23015,Maine,Lincoln,35239,1
23017,Maine,Oxford,57756,0
23019,Maine,Penobscot,152199,0
23021,Maine,Piscataquis,16794,1
23023,Maine,Sagadahoc,36699,1
23025,Maine,Somerset,50478,0
23027,Maine,Waldo,39602,1
23029,Maine,Washington,31107,1
23031,Maine,York,211965,0
24001,Maryland,Allegany,68106,0
24003,Maryland,Anne Arundel,592643,0
24005,Maryland,Baltimore,854524,0
24009,Maryland,Calvert,92786,0
24011,Maryland,Caroline,33298,1
24013,Maryland,Carroll,172887,0
24015,Maryland,Cecil,103726,0
24017,Maryland,Charles,166598,0
24019,Maryland,Dorchester,32523,1
24021,Maryland,Frederick,271720,0
24023,Maryland,Garrett,28805,1
24025,Maryland,Harford,260932,0
24027,Maryland,Howard,332313,0
24029,Maryland,Kent,19197,1
24031,Maryland,Montgomery,1062077,0
24033,Maryland,Prince George's,967211,0
24035,Maryland,Queen Anne's,49880,1
24037,Maryland,St. Mary's,113778,0
24039,Maryland,Somerset,24619,1
24041,Maryland,Talbot,37522,1
24043,Maryland,Washington,154707,0
24045,Maryland,Wicomico,103594,0
24047,Maryland,Worcester,52463,0
24510,Maryland,Baltimore,585720,0
25001,Massachusetts,Barnstable,229067,0
25003,Massachusetts,Berkshire,129028,0
25005,Massachusetts,Bristol,579298,0
25007,Massachusetts,Dukes,20590,1
25009,Massachusetts,Essex,809940,0
25011,Massachusetts,Franklin,71032,0
25013,Massachusetts,Hampden,465833,0
25015,Massachusetts,Hampshire,162308,0
25017,Massachusetts,Middlesex,1631915,0
25019,Massachusetts,Nantucket,14250,1
25021,Massachusetts,Norfolk,726010,0
25023,Massachusetts,Plymouth,530820,0
25025,Massachusetts,Suffolk,800937,0
25027,Massachusetts,Worcester,862104,0
26001,Michigan,Alcona,10161,1
26003,Michigan,Alger,8833,1
26005,Michigan,Allegan,120503,0
26007,Michigan,Alpena,28904,1
26009,Michigan,Antrim,23427,1
26011,Michigan,Arenac,15009,1
26013,Michigan,Baraga,8150,1
26015,Michigan,Barry,62429,0
26017,Michigan,Bay,103856,0
26019,Michigan,Benzie,17967,1
26021,Michigan,Berrien,154539,0
26023,Michigan,Branch,44864,1
26025,Michigan,Calhoun,134310,0
26027,Michigan,Cass,51592,0
26029,Michigan,Charlevoix,26049,1
26031,Michigan,Cheboygan,25583,1
26033,Michigan,Chippewa,36786,1
26035,Michigan,Clare,30861,1
26037,Michigan,Clinton,79128,0
26039,Michigan,Crawford,12986,1
26041,Michigan,Delta,36904,1
26043,Michigan,Dickinson,25955,1
26045,Michigan,Eaton,109185,0
26047,Michigan,Emmet,34110,1
26049,Michigan,Genesee,406220,0
26051,Michigan,Gladwin,25378,1
26053,Michigan,Gogebic,14376,1
26055,Michigan,Grand Traverse,95249,0
26057,Michigan,Gratiot,41764,1
26059,Michigan,Hillsdale,45751,1
26061,Michigan,Houghton,37373,1
26063,Michigan,Huron,31404,1
26065,Michigan,Ingham,285230,0
26067,Michigan,Ionia,66804,0
26069,Michigan,Iosco,25230,1
26071,Michigan,Iron,11618,1
26073,Michigan,Isabella,64402,0
26075,Michigan,Jackson,160357,0
26077,Michigan,Kalamazoo,261685,0
26079,Michigan,Kalkaska,17937,1
26081,Michigan,Kent,657980,0
26083,Michigan,Keweenaw,2046,1
26085,Michigan,Lake,12101,1
26087,Michigan,Lapeer,88622,0
26089,Michigan,Leelanau,22298,1
26091,Michigan,Lenawee,99413,0
26093,Michigan,Livingston,193876,0
26095,Michigan,Luce,6412,1
26097,Michigan,Mackinac,10824,1
26099,Michigan,Macomb,881233,0
26101,Michigan,Manistee,25033,1
26103,Michigan,Marquette,66546,0
26105,Michigan,Mason,29055,1
26107,Michigan,Mecosta,40344,1
26109,Michigan,Menominee,23496,1
26111,Michigan,Midland,83497,0
26113,Michigan,Missaukee,15056,1
26115,Michigan,Monroe,154810,0
26117,Michigan,Montcalm,66625,0
26119,Michigan,Montmorency,9156,1
26121,Michigan,Muskegon,174737,0
26123,Michigan,Newaygo,49965,1
26125,Michigan,Oakland,1274371,0
26127,Michigan,Oceana,26659,1
26129,Michigan,Ogemaw,20770,1
26131,Michigan,Ontonagon,5812,1
26133,Michigan,Osceola,22886,1
26135,Michigan,Oscoda,8220,1
26137,Michigan,Otsego,25089,1
26139,Michigan,Ottawa,296195,0
26141,Michigan,Presque Isle,12982,1
26143,Michigan,Roscommon,23446,1
26145,Michigan,Saginaw,190122,0
26147,Michigan,St. Clair,160390,0
26149,Michigan,St. Joseph,60940,0
26151,Michigan,Sanilac,40614,1
26153,Michigan,Schoolcraft,8050,1
26155,Michigan,Shiawassee,68085,0
26157,Michigan,Tuscola,53317,0
26159,Michigan,Van Buren,75575,0
26161,Michigan,Washtenaw,372258,0
26163,Michigan,Wayne,1793896,0
26165,Michigan,Wexford,33667,1
27001,Minnesota,Aitkin,15696,1
27003,Minnesota,Anoka,363894,0
27005,Minnesota,Becker,35182,1
27007,Minnesota,Beltrami,46228,1
27009,Minnesota,Benton,41377,1
27011,Minnesota,Big Stone,5169,1
27013,Minnesota,Blue Earth,69103,0
27015,Minnesota,Brown,25915,1
27017,Minnesota,Carlton,36190,1
27019,Minnesota,Carver,106924,0
27021,Minnesota,Cass,30084,1
27023,Minnesota,Chippewa,12606,1
27025,Minnesota,Chisago,56618,0
27027,Minnesota,Clay,65329,0
27029,Minnesota,Clearwater,8515,1
27031,Minnesota,Cook,5602,1
27033,Minnesota,Cottonwood,11516,1
27035,Minnesota,Crow Wing,66123,0
27037,Minnesota,Dakota,439880,0
27039,Minnesota,Dodge,20864,1
27041,Minnesota,Douglas,38998,1
27043,Minnesota,Faribault,13917,1
27045,Minnesota,Fillmore,21239,1
27047,Minnesota,Freeborn,30885,1
27049,Minnesota,Goodhue,47582,1
27051,Minnesota,Grant,6070,1
27053,Minnesota,Hennepin,1281561,0
27055,Minnesota,Houston,18817,1
27057,Minnesota,Hubbard,21343,1
27059,Minnesota,Isanti,41132,1
27061,Minnesota,Itasca,45022,1
27063,Minnesota,Jackson,9988,1
27065,Minnesota,Kanabec,16032,1
27067,Minnesota,Kandiyohi,43724,1
27069,Minnesota,Kittson,4209,1
27071,Minnesota,Koochiching,12065,1
27073,Minnesota,Lac qui Parle,6719,1
27075,Minnesota,Lake,10903,1
27077,Minnesota,Lake of the Woods,3769,1
27079,Minnesota,Le Sueur,28677,1
27081,Minnesota,Lincoln,5655,1
27083,Minnesota,Lyon,25521,1
27085,Minnesota,McLeod,36764,1
27087,Minnesota,Mahnomen,5419,1
27089,Minnesota,Marshall,9048,1
27091,Minnesota,Martin,20031,1
27093,Minnesota,Meeker,23399,1
27095,Minnesota,Mille Lacs,26462,1
27097,Minnesota,Morrison,34013,1
27099,Minnesota,Mower,40035,1
27101,Minnesota,Murray,8168,1
27103,Minnesota,Nicollet,34453,1
27105,Minnesota,Nobles,22290,1
27107,Minnesota,Norman,6442,1
27109,Minnesota,Olmsted,162849,0
27111,Minnesota,Otter Tail,60061,0
27113,Minnesota,Pennington,13994,1
27115,Minnesota,Pine,28881,1
27117,Minnesota,Pipestone,9415,1
27119,Minnesota,Polk,31188,1
27121,Minnesota,Pope,11311,1
27123,Minnesota,Ramsey,552345,0
27125,Minnesota,Red Lake,3938,1
27127,Minnesota,Redwood,15430,1
27129,Minnesota,Renville,14716,1
27131,Minnesota,Rice,67092,0
27133,Minnesota,Rock,9703,1
27135,Minnesota,Roseau,15336,1
27137,Minnesota,St. Louis,200231,0
27139,Minnesota,Scott,150919,0
27141,Minnesota,Sherburne,97180,0
27143,Minnesota,Sibley,14836,1
27145,Minnesota,Stearns,158299,0
27147,Minnesota,Steele,37402,1
27149,Minnesota,Stevens,9672,1
27151,Minnesota,Swift,9846,1
27153,Minnesota,Todd,25262,1
27155,Minnesota,Traverse,3363,1
27157,Minnesota,Wabasha,21375,1
27159,Minnesota,Wadena,14063,1
27161,Minnesota,Waseca,18954,1
27163,Minnesota,Washington,267557,0
27165,Minnesota,Watonwan,11254,1
27167,Minnesota,Wilkin,6508,1
27169,Minnesota,Winona,49692,1
27171,Minnesota,Wright,141335,0
27173,Minnesota,Yellow Medicine,9518,1
28001,Mississippi,Adams,29542,1
28003,Mississippi,Alcorn,34743,1
28005,Mississippi,Amite,12723,1
28007,Mississippi,Attala,17882,1
28009,Mississippi,Benton,7651,1
28011,Mississippi,Bolivar,30986,1
28013,Mississippi,Calhoun,13259,1
28015,Mississippi,Carroll,10004,1
28017,Mississippi,Chickasaw,17107,1
28019,Mississippi,Choctaw,8245,1
28021,Mississippi,Claiborne,9132,1
28023,Mississippi,Clarke,15611,1
28025,Mississippi,Clay,18632,1
28027,Mississippi,Coahoma,21389,1
28029,Mississippi,Copiah,28369,1
28031,Mississippi,Covington,18339,1
28033,Mississippi,DeSoto,185312,0
28035,Mississippi,Forrest,78177,0
28037,Mississippi,Franklin,7676,1
28039,Mississippi,George,24349,1
28041,Mississippi,Greene,13530,1
28043,Mississippi,Grenada,21627,1
28045,Mississippi,Hancock,46052,1
28047,Mississippi,Harrison,208627,0
28049,Mississippi,Hinds,227739,0
28051,Mississippi,Holmes,16997,1
28053,Mississippi,Humphreys,7789,1
28055,Mississippi,Issaquena,1335,1
28057,Mississippi,Itawamba,23861,1
28059,Mississippi,Jackson,143246,0
28061,Mississippi,Jasper,16368,1
28063,Mississippi,Jefferson,7256,1
28065,Mississippi,Jefferson Davis,11326,1
28067,Mississippi,Jones,67251,0
28069,Mississippi,Kemper,8987,1
28071,Mississippi,Lafayette,55816,0
28073,Mississippi,Lamar,64219,0
28075,Mississippi,Lauderdale,72978,0
28077,Mississippi,Lawrence,12015,1
28079,Mississippi,Leake,21273,1
28081,Mississippi,Lee,83346,0
28083,Mississippi,Leflore,28493,1
28085,Mississippi,Lincoln,34922,1
28087,Mississippi,Lowndes,58884,0
28089,Mississippi,Madison,109130,0
28091,Mississippi,Marion,24439,1
28093,Mississippi,Marshall,33753,1
28095,Mississippi,Monroe,34172,1
28097,Mississippi,Montgomery,9818,1
28099,Mississippi,Neshoba,29097,1
28101,Mississippi,Newton,21290,1
28103,Mississippi,Noxubee,10276,1
28105,Mississippi,Oktibbeha,51782,0
28107,Mississippi,Panola,33203,1
28109,Mississippi,Pearl River,56147,0
28111,Mississippi,Perry,11512,1
28113,Mississippi,Pike,40325,1
28115,Mississippi,Pontotoc,31189,1
28117,Mississippi,Prentiss,25007,1
28119,Mississippi,Quitman,6171,1
28121,Mississippi,Rankin,157031,0
28123,Mississippi,Scott,27993,1
28125,Mississippi,Sharkey,3803,1
28127,Mississippi,Simpson,25944,1
28129,Mississippi,Smith,14219,1
28131,Mississippi,Stone,18331,1
28133,Mississippi,Sunflower,25816,1
28135,Mississippi,Tallahatchie,12711,1
28137,Mississippi,Tate,28064,1
28139,Mississippi,Tippah,21812,1
28141,Mississippi,Tishomingo,18860,1
28143,Mississippi,Tunica,9787,1
28145,Mississippi,Union,27781,1
28147,Mississippi,Walthall,13885,1
28149,Mississippi,Warren,44719,1
28151,Mississippi,Washington,44928,1
28153,Mississippi,Wayne,19776,1
28155,Mississippi,Webster,9924,1
28157,Mississippi,Wilkinson,8585,1
28159,Mississippi,Winston,17710,1
28161,Mississippi,Yalobusha,12478,1
28163,Mississippi,Yazoo,26745,1
29001,Missouri,Adair,25316,1
29003,Missouri,Andrew,18130,1
29005,Missouri,Atchison,5302,1
29007,Missouri,Audrain,24960,1
29009,Missouri,Barry,34529,1
29011,Missouri,Barton,11638,1
29013,Missouri,Bates,16037,1
29015,Missouri,Benton,19394,1
29017,Missouri,Bollinger,10567,1
29019,Missouri,Boone,183608,0
29021,Missouri,Buchanan,84794,0
29023,Missouri,Butler,42128,1
29025,Missouri,Caldwell,8810,1
29027,Missouri,Callaway,44290,1
29029,Missouri,Camden,42745,1
29031,Missouri,Cape Girardeau,81710,0
29033,Missouri,Carroll,8493,1
29035,Missouri,Carter,5203,1
29037,Missouri,Cass,107820,0
29039,Missouri,Cedar,14188,1
29041,Missouri,Chariton,7414,1
29043,Missouri,Christian,88846,0
29045,Missouri,Clark,6635,1
29047,Missouri,Clay,253327,0
29049,Missouri,Clinton,21182,1
29051,Missouri,Cole,77273,0
29053,Missouri,Cooper,17103,1
29055,Missouri,Crawford,23054,1
29057,Missouri,Dade,7570,1
29059,Missouri,Dallas,17069,1
29061,Missouri,Daviess,8434,1
29063,Missouri,DeKalb,11031,1
29065,Missouri,Dent,14416,1
29067,Missouri,Douglas,11569,1
29069,Missouri,Dunklin,28283,1
29071,Missouri,Franklin,104688,0
29073,Missouri,Gasconade,14793,1
29075,Missouri,Gentry,6166,1
29077,Missouri,Greene,298909,0
29079,Missouri,Grundy,9808,1
29081,Missouri,Harrison,8157,1
29083,Missouri,Henry,21951,1
29085,Missouri,Hickory,8273,1
29087,Missouri,Holt,4233,1
29089,Missouri,Howard,10154,1
29091,Missouri,Howell,39754,1
29093,Missouri,Iron,9535,1
29095,Missouri,Jackson,717214,0
29097,Missouri,Jasper,122750,0
29099,Missouri,Jefferson,226569,0
29101,Missouri,Johnson,54012,0
29103,Missouri,Knox,3742,1
29105,Missouri,Laclede,36038,1
29107,Missouri,Lafayette,32977,1
29109,Missouri,Lawrence,38004,1
29111,Missouri,Lewis,10036,1
29113,Missouri,Lincoln,59577,0
29115,Missouri,Linn,11873,1
29117,Missouri,Livingston,14560,1
29119,Missouri,McDonald,23298,1
29121,Missouri,Macon,15210,1
29123,Missouri,Madison,12625,1
29125,Missouri,Maries,8427,1
29127,Missouri,Marion,28533,1
29129,Missouri,Mercer,3535,1
29131,Missouri,Miller,24729,1
29133,Missouri,Mississippi,12569,1
29135,Missouri,Moniteau,15473,1
29137,Missouri,Monroe,8668,1
29139,Missouri,Montgomery,11316,1
29141,Missouri,Morgan,21007,1
29143,Missouri,New Madrid,16429,1
29145,Missouri,Newton,58650,0
29147,Missouri,Nodaway,21232,1
29149,Missouri,Oregon,8638,1
29151,Missouri,Osage,13270,1
29153,Missouri,Ozark,8554,1
29155,Missouri,Pemiscot,15663,1
29157,Missouri,Perry,18954,1
29159,Missouri,Pettis,42980,1
29161,Missouri,Phelps,44638,1
29163,Missouri,Pike,17587,1
29165,Missouri,Platte,106725,0
29167,Missouri,Polk,31522,1
29169,Missouri,Pulaski,53959,0
29171,Missouri,Putnam,4674,1
29173,Missouri,Ralls,10351,1
29175,Missouri,Randolph,24713,1
29177,Missouri,Ray,23161,1
29179,Missouri,Reynolds,6094,1
29181,Missouri,Ripley,10676,1
29183,Missouri,St. Charles,405265,0
29185,Missouri,St. Clair,9282,1
29186,Missouri,Ste. Genevieve,18479,1
29187,Missouri,St. Francois,66919,0
29189,Missouri,St. Louis,1004501,0
29195,Missouri,Saline,23334,1
29197,Missouri,Schuyler,4033,1
29199,Missouri,Scotland,4715,1
29201,Missouri,Scott,38054,1
29203,Missouri,Shannon,7033,1
29205,Missouri,Shelby,6110,1
29207,Missouri,Stoddard,28676,1
29209,Missouri,Stone,31072,1
29211,Missouri,Sullivan,5987,1
29213,Missouri,Taney,56058,0
29215,Missouri,Texas,24483,1
29217,Missouri,Vernon,19712,1
29219,Missouri,Warren,35535,1
29221,Missouri,Washington,23517,1
29223,Missouri,Wayne,10973,1
29225,Missouri,Webster,39084,1
29227,Missouri,Worth,1973,1
29229,Missouri,Wright,18187,1
29510,Missouri,St. Louis,301371,0
30001,Montana,Beaverhead,9369,1
30003,Montana,Big Horn,13125,1
30005,Montana,Blaine,7040,1
30007,Montana,Broadwater,6778,1
30009,Montana,Carbon,10479,1
30011,Montana,Carter,1414,1
30013,Montana,Cascade,84411,0
30015,Montana,Chouteau,5915,1
30017,Montana,Custer,11866,1
30019,Montana,Daniels,1656,1
30021,Montana,Dawson,8942,1
30023,Montana,Deer Lodge,9425,1
30025,Montana,Fallon,3049,1
30027,Montana,Fergus,11442,1
30029,Montana,Flathead,104355,0
30031,Montana,Gallatin,118962,0
30033,Montana,Garfield,1170,1
30035,Montana,Glacier,13775,1
30037,Montana,Golden Valley,824,1
30039,Montana,Granite,3304,1
30041,Montana,Hill,16293,1
30043,Montana,Jefferson,12082,1
30045,Montana,Judith Basin,2019,1
30047,Montana,Lake,31131,1
30049,Montana,Lewis and Clark,70971,0
30051,Montana,Liberty,1960,1
30053,Montana,Lincoln,19680,1
30055,Montana,McCone,1727,1
30057,Montana,Madison,8625,1
30059,Montana,Meagher,1928,1
30061,Montana,Mineral,4531,1
30063,Montana,Missoula,117928,0
30065,Montana,Musselshell,4736,1
30067,Montana,Park,17195,1
30069,Montana,Petroleum,497,1
30071,Montana,Phillips,4218,1
30073,Montana,Pondera,5902,1
30075,Montana,Powder River,1694,1
30077,Montana,Powell,6941,1
30079,Montana,Prairie,1090,1
30081,Montana,Ravalli,44173,1
30083,Montana,Richland,11493,1
30085,Montana,Roosevelt,10798,1
30087,Montana,Rosebud,8331,1
30089,Montana,Sanders,12400,1
30091,Montana,Sheridan,3542,1
30093,Montana,Silver Bow,35130,1
30095,Montana,Stillwater,8963,1
30097,Montana,Sweet Grass,3677,1
30099,Montana,Teton,6227,1
30101,Montana,Toole,4969,1
30103,Montana,Treasure,759,1
30105,Montana,Valley,7580,1
30107,Montana,Wheatland,2066,1
30109,Montana,Wibaux,937,1
30111,Montana,Yellowstone,164722,0
31001,Nebraska,Adams,31197,1
31003,Nebraska,Antelope,6292,1
31005,Nebraska,Arthur,433,1
31007,Nebraska,Banner,675,1
31009,Nebraska,Blaine,429,1
31011,Nebraska,Boone,5374,1
31013,Nebraska,Box Butte,10833,1
31015,Nebraska,Boyd,1811,1
31017,Nebraska,Brown,2902,1
31019,Nebraska,Buffalo,50092,0
31021,Nebraska,Burt,6729,1
31023,Nebraska,Butler,8370,1
31025,Nebraska,Cass,26600,1
31027,Nebraska,Cedar,8378,1
31029,Nebraska,Chase,3896,1
31031,Nebraska,Cherry,5458,1
31033,Nebraska,Cheyenne,9467,1
31035,Nebraska,Clay,6109,1
31037,Nebraska,Colfax,10579,1
31039,Nebraska,Cuming,9012,1
31041,Nebraska,Custer,10540,1
31043,Nebraska,Dakota,21586,1
31045,Nebraska,Dawes,8199,1
31047,Nebraska,Dawson,24105,1
31049,Nebraska,Deuel,1839,1
31051,Nebraska,Dixon,5601,1
31053,Nebraska,Dodge,37175,1
31055,Nebraska,Douglas,584526,0
31057,Nebraska,Dundy,1654,1
31059,Nebraska,Fillmore,5554,1
31061,Nebraska,Franklin,2890,1
31063,Nebraska,Frontier,2517,1
31065,Nebraska,Furnas,4638,1
31067,Nebraska,Gage,21702,1
31069,Nebraska,Garden,1874,1
31071,Nebraska,Garfield,1813,1
31073,Nebraska,Gosper,1894,1
31075,Nebraska,Grant,614,1
31077,Nebraska,Greeley,2189,1
31079,Nebraska,Hall,62900,0
31081,Nebraska,Hamilton,9426,1
31083,Nebraska,Harlan,3073,1
31085,Nebraska,Hayes,852,1
31087,Nebraska,Hitchcock,2615,1
31089,Nebraska,Holt,10128,1
31091,Nebraska,Hooker,711,1
31093,Nebraska,Howard,6473,1
31095,Nebraska,Jefferson,7240,1
31097,Nebraska,Johnson,5288,1
31099,Nebraska,Kearney,6686,1
31101,Nebraska,Keith,8331,1
31103,Nebraska,Keya Paha,769,1
31105,Nebraska,Kimball,3435,1
31107,Nebraska,Knox,8401,1
31109,Nebraska,Lancaster,322608,0
31111,Nebraska,Lincoln,34676,1
31113,Nebraska,Logan,721,1
31115,Nebraska,Loup,605,1
31117,Nebraska,McPherson,399,1
31119,Nebraska,Madison,35588,1
31121,Nebraska,Merrick,7663,1
31123,Nebraska,Morrill,4559,1
31125,Nebraska,Nance,3380,1
31127,Nebraska,Nemaha,7075,1
31129,Nebraska,Nuckolls,4095,1
31131,Nebraska,Otoe,15912,1
31133,Nebraska,Pawnee,2550,1
31135,Nebraska,Perkins,2859,1
31137,Nebraska,Phelps,8968,1
31139,Nebraska,Pierce,7318,1
31141,Nebraska,Platte,34298,1
31143,Nebraska,Polk,5214,1
31145,Nebraska,Red Willow,10702,1
31147,Nebraska,Richardson,7870,1
31149,Nebraska,Rock,1263,1
31151,Nebraska,Saline,14762,1
31153,Nebraska,Sarpy,190603,0
31155,Nebraska,Saunders,22277,1
31157,Nebraska,Scotts Bluff,36091,1
31159,Nebraska,Seward,17602,1
31161,Nebraska,Sheridan,5133,1
31163,Nebraska,Sherman,2956,1
31165,Nebraska,Sioux,1132,1
31167,Nebraska,Stanton,5843,1
31169,Nebraska,Thayer,5036,1
31171,Nebraska,Thomas,672,1
31173,Nebraska,Thurston,6774,1
31175,Nebraska,Valley,4058,1
31177,Nebraska,Washington,20860,1
31179,Nebraska,Wayne,9703,1
31181,Nebraska,Webster,3398,1
31183,Nebraska,Wheeler,772,1
31185,Nebraska,York,14127,1
32001,Nevada,Churchill,25522,1
32003,Nevada,Clark,2266452,0
32005,Nevada,Douglas,49483,1
32007,Nevada,Elko,53703,0
32009,Nevada,Esmeralda,731,1
32011,Nevada,Eureka,1853,1
32013,Nevada,Humboldt,17283,1
32015,Nevada,Lander,5732,1
32017,Nevada,Lincoln,4501,1
32019,Nevada,Lyon,59235,0
32021,Nevada,Mineral,4552,1
32023,Nevada,Nye,51590,0
32027,Nevada,Pershing,6648,1
32029,Nevada,Storey,4099,1
32031,Nevada,Washoe,486491,0
32033,Nevada,White Pine,9078,1
32510,Nevada,Carson,58642,0
33001,New Hampshire,Belknap,63704,0
33003,New Hampshire,Carroll,50099,0
33005,New Hampshire,Cheshire,76449,0
33007,New Hampshire,Coos,31259,1
33009,New Hampshire,Grafton,91119,0
33011,New Hampshire,Hillsborough,422944,0
33013,New Hampshire,Merrimack,153805,0
33015,New Hampshire,Rockingham,314213,0
33017,New Hampshire,Strafford,130897,0
33019,New Hampshire,Sullivan,43057,1
34001,New Jersey,Atlantic,274533,0
34003,New Jersey,Bergen,955721,0
34005,New Jersey,Burlington,461856,0
34007,New Jersey,Camden,523504,0
34009,New Jersey,Cape May,95269,0
34011,New Jersey,Cumberland,154152,0
34013,New Jersey,Essex,862769,0
34015,New Jersey,Gloucester,302270,0
34017,New Jersey,Hudson,724855,0
34019,New Jersey,Hunterdon,128954,0
34021,New Jersey,Mercer,387333,0
34023,New Jersey,Middlesex,863201,0
34025,New Jersey,Monmouth,643522,0
34027,New Jersey,Morris,509294,0
34029,New Jersey,Ocean,637300,0
34031,New Jersey,Passaic,525066,0
34033,New Jersey,Salem,64830,0
34035,New Jersey,Somerset,345362,0
34037,New Jersey,Sussex,144228,0
34039,New Jersey,Union,575360,0
34041,New Jersey,Warren,109635,0
35001,New Mexico,Bernalillo,676446,0
35003,New Mexico,Catron,3580,1
35005,New Mexico,Chaves,65156,0
35006,New Mexico,Cibola,27052,1
35007,New Mexico,Colfax,12383,1
35009,New Mexico,Curry,48431,1
35011,New Mexico,De Baca,1697,1
35013,New Mexico,Doa Ana,219566,0
35015,New Mexico,Eddy,62320,0
35017,New Mexico,Grant,28198,1
35019,New Mexico,Guadalupe,4454,1
35021,New Mexico,Harding,654,1
35023,New Mexico,Hidalgo,4177,1
35025,New Mexico,Lea,74457,0
35027,New Mexico,Lincoln,20262,1
35028,New Mexico,Los Alamos,19422,1
35029,New Mexico,Luna,25422,1
35031,New Mexico,McKinley,72897,0
35033,New Mexico,Mora,4185,1
35035,New Mexico,Otero,67836,0
35037,New Mexico,Quay,8740,1
35039,New Mexico,Rio Arriba,40355,1
35041,New Mexico,Roosevelt,19193,1
35043,New Mexico,Sandoval,148839,0
35045,New Mexico,San Juan,121671,0
35047,New Mexico,San Miguel,27200,1
35049,New Mexico,Santa Fe,154826,0
35051,New Mexico,Sierra,11576,1
35053,New Mexico,Socorro,16601,1
35055,New Mexico,Taos,34491,1
35057,New Mexico,Torrance,15047,1
35059,New Mexico,Union,4084,1
35061,New Mexico,Valencia,76337,0
36001,New York,Albany,314838,0
36003,New York,Allegany,46477,1
36005,New York,Bronx,1472645,0
36007,New York,Broome,198685,0
36009,New York,Cattaraugus,77042,0
36011,New York,Cayuga,76249,0
36013,New York,Chautauqua,127647,0
36015,New York,Chemung,84152,0
36017,New York,Chenango,47229,1
36019,New York,Clinton,79843,0
36021,New York,Columbia,61571,0
36023,New York,Cortland,46808,1
36025,New York,Delaware,44310,1
36027,New York,Dutchess,297023,0
36029,New York,Erie,954208,0
36031,New York,Essex,37379,1
36033,New York,Franklin,47559,1
36035,New York,Fulton,53337,0
36037,New York,Genesee,58393,0
36039,New York,Greene,47932,1
36041,New York,Hamilton,5095,1
36043,New York,Herkimer,60140,0
36045,New York,Jefferson,116716,0
36047,New York,Kings,2736296,0
36049,New York,Lewis,26582,1
36051,New York,Livingston,61836,0
36053,New York,Madison,68031,0
36055,New York,Monroe,759348,0
36057,New York,Montgomery,49528,1
36059,New York,Nassau,1395805,0
36061,New York,New York,1694978,0
36063,New York,Niagara,212662,0
36065,New York,Oneida,232121,0
36067,New York,Onondaga,476523,0
36069,New York,Ontario,112465,0
36071,New York,Orange,401318,0
36073,New York,Orleans,40413,1
36075,New York,Oswego,117542,0
36077,New York,Otsego,58515,0
36079,New York,Putnam,97674,0
36081,New York,Queens,2405424,0
36083,New York,Rensselaer,161130,0
36085,New York,Richmond,496251,0
36087,New York,Rockland,338329,0
36089,New York,St. Lawrence,108512,0
36091,New York,Saratoga,235507,0
36093,New York,Schenectady,158045,0
36095,New York,Schoharie,29726,1
36097,New York,Schuyler,17890,1
36099,New York,Seneca,33806,1
36101,New York,Steuben,93576,0
36103,New York,Suffolk,1525913,0
36105,New York,Sullivan,78619,0
36107,New York,Tioga,48458,1
36109,New York,Tompkins,105734,0
36111,New York,Ulster,181833,0
36113,New York,Warren,65733,0
36115,New York,Washington,61302,0
36117,New York,Wayne,91293,0
36119,New York,Westchester,1004465,0
36121,New York,Wyoming,40545,1
36123,New York,Yates,24766,1
37001,North Carolina,Alamance,171476,0
37003,North Carolina,Alexander,36443,1
37005,North Carolina,Alleghany,10877,1
37007,North Carolina,Anson,22050,1
37009,North Carolina,Ashe,26586,1
37011,North Carolina,Avery,17814,1
37013,North Carolina,Beaufort,44651,1
37015,North Carolina,Bertie,17929,1
37017,North Carolina,Bladen,29615,1
37019,North Carolina,Brunswick,136689,0
37021,North Carolina,Buncombe,269425,0
37023,North Carolina,Burke,87556,0
37025,North Carolina,Cabarrus,225797,0
37027,North Carolina,Caldwell,80673,0
37029,North Carolina,Camden,10356,1
37031,North Carolina,Carteret,67687,0
37033,North Carolina,Caswell,22739,1
37035,North Carolina,Catawba,160609,0
37037,North Carolina,Chatham,76255,0
37039,North Carolina,Cherokee,28774,1
37041,North Carolina,Chowan,13709,1
37043,North Carolina,Clay,11087,1
37045,North Carolina,Cleveland,99527,0
37047,North Carolina,Columbus,50625,0
37049,North Carolina,Craven,100731,0
37051,North Carolina,Cumberland,334730,0
37053,North Carolina,Currituck,28102,1
37055,North Carolina,Dare,36912,1
37057,North Carolina,Davidson,168925,0
37059,North Carolina,Davie,42709,1
37061,North Carolina,Duplin,48709,1
37063,North Carolina,Durham,324863,0
37065,North Carolina,Edgecombe,48891,1
37067,North Carolina,Forsyth,382606,0
37069,North Carolina,Franklin,68622,0
37071,North Carolina,Gaston,227944,0
37073,North Carolina,Gates,10476,1
37075,North Carolina,Graham,8030,1
37077,North Carolina,Granville,61006,0
37079,North Carolina,Greene,20447,1
37081,North Carolina,Guilford,541242,0
37083,North Carolina,Halifax,48622,1
37085,North Carolina,Harnett,133556,0
37087,North Carolina,Haywood,62087,0
37089,North Carolina,Henderson,116304,0
37091,North Carolina,Hertford,21553,1
37093,North Carolina,Hoke,52082,0
37095,North Carolina,Hyde,4589,1
37097,North Carolina,Iredell,186688,0
37099,North Carolina,Jackson,43110,1
37101,North Carolina,Johnston,216001,0
37103,North Carolina,Jones,9170,1
37105,North Carolina,Lee,63286,0
37107,North Carolina,Lenoir,55126,0
37109,North Carolina,Lincoln,86812,0
37111,North Carolina,McDowell,44583,1
37113,North Carolina,Macon,37016,1
37115,North Carolina,Madison,21198,1
37117,North Carolina,Martin,22038,1
37119,North Carolina,Mecklenburg,1115535,0
37121,North Carolina,Mitchell,14896,1
37123,North Carolina,Montgomery,25747,1
37125,North Carolina,Moore,99741,0
37127,North Carolina,Nash,94964,0
37129,North Carolina,New Hanover,225704,0
37131,North Carolina,Northampton,17474,1
37133,North Carolina,Onslow,204588,0
37135,North Carolina,Orange,148707,0
37137,North Carolina,Pamlico,12273,1
37139,North Carolina,Pasquotank,40569,1
37141,North Carolina,Pender,60211,0
37143,North Carolina,Perquimans,13010,1
37145,North Carolina,Person,39085,1
37147,North Carolina,Pitt,171812,0
37149,North Carolina,Polk,19324,1
37151,North Carolina,Randolph,144148,0
37153,North Carolina,Richmond,42943,1
37155,North Carolina,Robeson,116524,0
37157,North Carolina,Rockingham,91118,0
37159,North Carolina,Rowan,146875,0
37161,North Carolina,Rutherford,64444,0
37163,North Carolina,Sampson,59037,0
37165,North Carolina,Scotland,34173,1
37167,North Carolina,Stanly,62502,0
37169,North Carolina,Stokes,44528,1
37171,North Carolina,Surry,71364,0
37173,North Carolina,Swain,14115,1
37175,North Carolina,Transylvania,32984,1
37177,North Carolina,Tyrrell,3242,1
37179,North Carolina,Union,238237,0
37181,North Carolina,Vance,42585,1
37183,North Carolina,Wake,1129352,0
37185,North Carolina,Warren,18637,1
37187,North Carolina,Washington,11005,1
37189,North Carolina,Watauga,54079,0
37191,North Carolina,Wayne,117327,0
37193,North Carolina,Wilkes,65970,0
37195,North Carolina,Wilson,79269,0
37197,North Carolina,Yadkin,37213,1
37199,North Carolina,Yancey,18473,1
38001,North Dakota,Adams,2194,1
38003,North Dakota,Barnes,10840,1
38005,North Dakota,Benson,5960,1
38007,North Dakota,Billings,947,1
38009,North Dakota,Bottineau,6370,1
38011,North Dakota,Bowman,2993,1
38013,North Dakota,Burke,2195,1
38015,North Dakota,Burleigh,98455,0
38017,North Dakota,Cass,184531,0
38019,North Dakota,Cavalier,3710,1
38021,North Dakota,Dickey,4988,1
38023,North Dakota,Divide,2195,1
38025,North Dakota,Dunn,4095,1
38027,North Dakota,Eddy,2339,1
38029,North Dakota,Emmons,3303,1
38031,North Dakota,Foster,3395,1
38033,North Dakota,Golden Valley,1729,1
38035,North Dakota,Grand Forks,73169,0
38037,North Dakota,Grant,2304,1
38039,North Dakota,Griggs,2310,1
38041,North Dakota,Hettinger,2484,1
38043,North Dakota,Kidder,2399,1
38045,North Dakota,LaMoure,4086,1
38047,North Dakota,Logan,1869,1
38049,North Dakota,McHenry,5336,1
38051,North Dakota,McIntosh,2534,1
38053,North Dakota,McKenzie,14707,1
38055,North Dakota,McLean,9776,1
38057,North Dakota,Mercer,8353,1
38059,North Dakota,Morton,33291,1
38061,North Dakota,Mountrail,9806,1
38063,North Dakota,Nelson,3019,1
38065,North Dakota,Oliver,1875,1
38067,North Dakota,Pembina,6835,1
38069,North Dakota,Pierce,3990,1
38071,North Dakota,Ramsey,11612,1
38073,North Dakota,Ransom,5701,1
38075,North Dakota,Renville,2290,1
38077,North Dakota,Richland,16531,1
38079,North Dakota,Rolette,12194,1
38081,North Dakota,Sargent,3866,1
38083,North Dakota,Sheridan,1268,1
38085,North Dakota,Sioux,3897,1
38087,North Dakota,Slope,707,1
38089,North Dakota,Stark,33650,1
38091,North Dakota,Steele,1791,1
38093,North Dakota,Stutsman,21601,1
38095,North Dakota,Towner,2155,1
38097,North Dakota,Traill,7990,1
38099,North Dakota,Walsh,10556,1
38101,North Dakota,Ward,69922,0
38103,North Dakota,Wells,3982,1
38105,North Dakota,Williams,40951,1
39001,Ohio,Adams,27480,1
39003,Ohio,Allen,102217,0
39005,Ohio,Ashland,52442,0
39007,Ohio,Ashtabula,97580,0
39009,Ohio,Athens,62424,0
39011,Ohio,Auglaize,46425,1
39013,Ohio,Belmont,66491,0
39015,Ohio,Brown,43681,1
39017,Ohio,Butler,390352,0
39019,Ohio,Carroll,26715,1
39021,Ohio,Champaign,38710,1
39023,Ohio,Clark,135974,0
39025,Ohio,Clermont,208595,0
39027,Ohio,Clinton,42029,1
39029,Ohio,Columbiana,101885,0
39031,Ohio,Coshocton,36615,1
39033,Ohio,Crawford,42017,1
39035,Ohio,Cuyahoga,1264775,0
39037,Ohio,Darke,51875,0
39039,Ohio,Defiance,38281,1
39041,Ohio,Delaware,214123,0
39043,Ohio,Erie,75615,0
39045,Ohio,Fairfield,158920,0
39047,Ohio,Fayette,28948,1
39049,Ohio,Franklin,1323819,0
39051,Ohio,Fulton,42705,1
39053,Ohio,Gallia,29222,1
39055,Ohio,Geauga,95427,0
39057,Ohio,Greene,167965,0
39059,Ohio,Guernsey,38434,1
39061,Ohio,Hamilton,830636,0
39063,Ohio,Hancock,74912,0
39065,Ohio,Hardin,30683,1
39067,Ohio,Harrison,14485,1
39069,Ohio,Henry,27665,1
39071,Ohio,Highland,43316,1
39073,Ohio,Hocking,28056,1
39075,Ohio,Holmes,44220,1
39077,Ohio,Huron,58568,0
39079,Ohio,Jackson,32653,1
39081,Ohio,Jefferson,65253,0
39083,Ohio,Knox,62709,0
39085,Ohio,Lake,232522,0
39087,Ohio,Lawrence,58232,0
39089,Ohio,Licking,178517,0
39091,Ohio,Logan,46149,1
39093,Ohio,Lorain,312981,0
39095,Ohio,Lucas,431274,0
39097,Ohio,Madison,43848,1
39099,Ohio,Mahoning,228613,0
39101,Ohio,Marion,65356,0
39103,Ohio,Medina,182460,0
39105,Ohio,Meigs,22205,1
39107,Ohio,Mercer,42528,1
39109,Ohio,Miami,108774,0
39111,Ohio,Monroe,13388,1
39113,Ohio,Montgomery,537301,0
39115,Ohio,Morgan,13797,1
39117,Ohio,Morrow,34944,1
39119,Ohio,Muskingum,86413,0
39121,Ohio,Noble,14120,1
39123,Ohio,Ottawa,40361,1
39125,Ohio,Paulding,18801,1
39127,Ohio,Perry,35412,1
39129,Ohio,Pickaway,58551,0
39131,Ohio,Pike,27091,1
39133,Ohio,Portage,161798,0
39135,Ohio,Preble,41005,1
39137,Ohio,Putnam,34453,1
39139,Ohio,Richland,124944,0
39141,Ohio,Ross,77093,0
39143,Ohio,Sandusky,58903,0
39145,Ohio,Scioto,74010,0
39147,Ohio,Seneca,55076,0
39149,Ohio,Shelby,48233,1
39151,Ohio,Stark,374879,0
39153,Ohio,Summit,540413,0
39155,Ohio,Trumbull,202062,0
39157,Ohio,Tuscarawas,93265,0
39159,Ohio,Union,62790,0
39161,Ohio,Van Wert,28932,1
39163,Ohio,Vinton,12807,1
39165,Ohio,Warren,242348,0
39167,Ohio,Washington,59774,0
39169,Ohio,Wayne,116875,0
39171,Ohio,Williams,37108,1
39173,Ohio,Wood,132255,0
39175,Ohio,Wyandot,21895,1
40001,Oklahoma,Adair,19498,1
40003,Oklahoma,Alfalfa,5704,1
40005,Oklahoma,Atoka,14144,1
40007,Oklahoma,Beaver,5050,1
40009,Oklahoma,Beckham,22410,1
40011,Oklahoma,Blaine,8729,1
40013,Oklahoma,Bryan,46070,1
40015,Oklahoma,Caddo,26945,1
40017,Oklahoma,Canadian,154155,0
40019,Oklahoma,Carter,48003,1
40021,Oklahoma,Cherokee,47074,1
40023,Oklahoma,Choctaw,14206,1
40025,Oklahoma,Cimarron,2293,1
40027,Oklahoma,Cleveland,295533,0
40029,Oklahoma,Coal,5267,1
40031,Oklahoma,Comanche,121120,0
40033,Oklahoma,Cotton,5525,1
40035,Oklahoma,Craig,14107,1
40037,Oklahoma,Creek,71763,0
40039,Oklahoma,Custer,28518,1
40041,Oklahoma,Delaware,40395,1
40043,Oklahoma,Dewey,4479,1
40045,Oklahoma,Ellis,3753,1
40047,Oklahoma,Garfield,62845,0
40049,Oklahoma,Garvin,25661,1
40051,Oklahoma,Grady,54805,0
40053,Oklahoma,Grant,4165,1
40055,Oklahoma,Greer,5491,1
40057,Oklahoma,Harmon,2489,1
40059,Oklahoma,Harper,3266,1
40061,Oklahoma,Haskell,11559,1
40063,Oklahoma,Hughes,13364,1
40065,Oklahoma,Jackson,24792,1
40067,Oklahoma,Jefferson,5344,1
40069,Oklahoma,Johnston,10276,1
40071,Oklahoma,Kay,43700,1
40073,Oklahoma,Kingfisher,15189,1
40075,Oklahoma,Kiowa,8505,1
40077,Oklahoma,Latimer,9448,1
40079,Oklahoma,Le Flore,48132,1
40081,Oklahoma,Lincoln,33463,1
40083,Oklahoma,Logan,49554,1
40085,Oklahoma,Love,10144,1
40087,Oklahoma,McClain,41659,1
40089,Oklahoma,McCurtain,30812,1
40091,Oklahoma,McIntosh,18944,1
40093,Oklahoma,Major,7783,1
40095,Oklahoma,Marshall,15300,1
40097,Oklahoma,Mayes,39043,1
40099,Oklahoma,Murray,13904,1
40101,Oklahoma,Muskogee,66343,0
40103,Oklahoma,Noble,10924,1
40105,Oklahoma,Nowata,9324,1
40107,Oklahoma,Okfuskee,11313,1
40109,Oklahoma,Oklahoma,796563,0
40111,Oklahoma,Okmulgee,36704,1
40113,Oklahoma,Osage,45829,1
40115,Oklahoma,Ottawa,30286,1
40117,Oklahoma,Pawnee,15558,1
40119,Oklahoma,Payne,81646,0
40121,Oklahoma,Pittsburg,43770,1
40123,Oklahoma,Pontotoc,38068,1
40125,Oklahoma,Pottawatomie,72450,0
40127,Oklahoma,Pushmataha,10812,1
40129,Oklahoma,Roger Mills,3439,1
40131,Oklahoma,Rogers,95245,0
40133,Oklahoma,Seminole,23555,1
40135,Oklahoma,Sequoyah,39277,1
40137,Oklahoma,Stephens,42847,1
40139,Oklahoma,Texas,21383,1
40141,Oklahoma,Tillman,6960,1
40143,Oklahoma,Tulsa,669260,0
40145,Oklahoma,Wagoner,80997,0
40147,Oklahoma,Washington,52443,0
40149,Oklahoma,Washita,10921,1
40151,Oklahoma,Woods,8627,1
40153,Oklahoma,Woodward,20483,1
41001,Oregon,Baker,16669,1
41003,Oregon,Benton,95186,0
41005,Oregon,Clackamas,421428,0
41007,Oregon,Clatsop,41067,1
41009,Oregon,Columbia,52592,0
41011,Oregon,Coos,64926,0
41013,Oregon,Crook,24739,1
41015,Oregon,Curry,23448,1
41017,Oregon,Deschutes,198253,0
41019,Oregon,Douglas,111200,0
41021,Oregon,Gilliam,1994,1
41023,Oregon,Grant,7225,1
41025,Oregon,Harney,7501,1
41027,Oregon,Hood River,23981,1
41029,Oregon,Jackson,223263,0
41031,Oregon,Jefferson,24503,1
41033,Oregon,Josephine,88088,0
41035,Oregon,Klamath,69412,0
41037,Oregon,Lake,8164,1
41039,Oregon,Lane,382974,0
41041,Oregon,Lincoln,50402,0
41043,Oregon,Linn,128609,0
41045,Oregon,Malheur,31569,1
41047,Oregon,Marion,345905,0
41049,Oregon,Morrow,12184,1
41051,Oregon,Multnomah,815398,0
41053,Oregon,Polk,87430,0
41055,Oregon,Sherman,1866,1
41057,Oregon,Tillamook,27386,1
41059,Oregon,Umatilla,80078,0
41061,Oregon,Union,26195,1
41063,Oregon,Wallowa,7386,1
41065,Oregon,Wasco,26667,1
41067,Oregon,Washington,600372,0
41069,Oregon,Wheeler,1448,1
41071,Oregon,Yamhill,107716,0
42001,Pennsylvania,Adams,103840,0
42003,Pennsylvania,Allegheny,1250583,0
42005,Pennsylvania,Armstrong,65548,0
42007,Pennsylvania,Beaver,168220,0
42009,Pennsylvania,Bedford,47576,1
42011,Pennsylvania,Berks,428850,0
42013,Pennsylvania,Blair,122821,0
42015,Pennsylvania,Bradford,59956,0
42017,Pennsylvania,Bucks,646515,0
42019,Pennsylvania,Butler,193764,0
42021,Pennsylvania,Cambria,133463,0
42023,Pennsylvania,Cameron,4548,1
42025,Pennsylvania,Carbon,64754,0
42027,Pennsylvania,Centre,158164,0
42029,Pennsylvania,Chester,534418,0
42031,Pennsylvania,Clarion,37238,1
42033,Pennsylvania,Clearfield,80558,0
42035,Pennsylvania,Clinton,37448,1
42037,Pennsylvania,Columbia,64722,0
42039,Pennsylvania,Crawford,83954,0
42041,Pennsylvania,Cumberland,259468,0
42043,Pennsylvania,Dauphin,286392,0
42045,Pennsylvania,Delaware,576970,0
42047,Pennsylvania,Elk,30992,1
42049,Pennsylvania,Erie,271049,0
42051,Pennsylvania,Fayette,128823,0
42053,Pennsylvania,Forest,6978,1
42055,Pennsylvania,Franklin,155948,0
42057,Pennsylvania,Fulton,14567,1
42059,Pennsylvania,Greene,35949,1
42061,Pennsylvania,Huntingdon,44105,1
42063,Pennsylvania,Indiana,83232,0
42065,Pennsylvania,Jefferson,44491,1
42067,Pennsylvania,Juniata,23504,1
42069,Pennsylvania,Lackawanna,215911,0
42071,Pennsylvania,Lancaster,552981,0
42073,Pennsylvania,Lawrence,86067,0
42075,Pennsylvania,Lebanon,143262,0
42077,Pennsylvania,Lehigh,374552,0
42079,Pennsylvania,Luzerne,325602,0
42081,Pennsylvania,Lycoming,114193,0
42083,Pennsylvania,McKean,40435,1
42085,Pennsylvania,Mercer,110656,0
42087,Pennsylvania,Mifflin,46140,1
42089,Pennsylvania,Monroe,168315,0
42091,Pennsylvania,Montgomery,856413,0
42093,Pennsylvania,Montour,18145,1
42095,Pennsylvania,Northampton,312957,0
42097,Pennsylvania,Northumberland,91642,0
42099,Pennsylvania,Perry,45841,1
42101,Pennsylvania,Philadelphia,1603794,0
42103,Pennsylvania,Pike,58545,0
42105,Pennsylvania,Potter,16399,1
42107,Pennsylvania,Schuylkill,143046,0
42109,Pennsylvania,Snyder,39742,1
42111,Pennsylvania,Somerset,74137,0
42113,Pennsylvania,Sullivan,5841,1
42115,Pennsylvania,Susquehanna,38437,1
42117,Pennsylvania,Tioga,41044,1
42119,Pennsylvania,Union,42685,1
42121,Pennsylvania,Venango,50450,0
42123,Pennsylvania,Warren,38596,1
42125,Pennsylvania,Washington,209345,0
42127,Pennsylvania,Wayne,51149,0
42129,Pennsylvania,Westmoreland,354648,0
42131,Pennsylvania,Wyoming,26082,1
42133,Pennsylvania,York,456449,0
44001,Rhode Island,Bristol,50786,0
44003,Rhode Island,Kent,170366,0
44005,Rhode Island,Newport,85641,0
44007,Rhode Island,Providence,660725,0
44009,Rhode Island,Washington,129836,0
45001,South Carolina,Abbeville,24290,1
45003,South Carolina,Aiken,168805,0
45005,South Carolina,Allendale,8042,1
45007,South Carolina,Anderson,203721,0
45009,South Carolina,Bamberg,13312,1
45011,South Carolina,Barnwell,20592,1
45013,South Carolina,Beaufort,187098,0
45015,South Carolina,Berkeley,229781,0
45017,South Carolina,Calhoun,14121,1
45019,South Carolina,Charleston,408530,0
45021,South Carolina,Cherokee,56226,0
45023,South Carolina,Chester,32300,1
45025,South Carolina,Chesterfield,43267,1
45027,South Carolina,Clarendon,31140,1
45029,South Carolina,Colleton,38601,1
45031,South Carolina,Darlington,62897,0
45033,South Carolina,Dillon,28298,1
45035,South Carolina,Dorchester,161331,0
45037,South Carolina,Edgefield,25645,1
45039,South Carolina,Fairfield,20940,1
45041,South Carolina,Florence,137046,0
45043,South Carolina,Georgetown,63406,0
45045,South Carolina,Greenville,525543,0
45047,South Carolina,Greenwood,69351,0
45049,South Carolina,Hampton,18565,1
45051,South Carolina,Horry,351038,0
45053,South Carolina,Jasper,28805,1
45055,South Carolina,Kershaw,65413,0
45057,South Carolina,Lancaster,96012,0
45059,South Carolina,Laurens,67527,0
45061,South Carolina,Lee,16535,1
45063,South Carolina,Lexington,293912,0
45065,South Carolina,McCormick,9529,1
45067,South Carolina,Marion,29179,1
45069,South Carolina,Marlboro,26669,1
45071,South Carolina,Newberry,37726,1
45073,South Carolina,Oconee,78601,0
45075,South Carolina,Orangeburg,84229,0
45077,South Carolina,Pickens,131417,0
45079,South Carolina,Richland,416146,0
45081,South Carolina,Saluda,18934,1
45083,South Carolina,Spartanburg,327997,0
45085,South Carolina,Sumter,105557,0
45087,South Carolina,Union,27240,1
45089,South Carolina,Williamsburg,31026,1
45091,South Carolina,York,281912,0
46003,South Dakota,Aurora,2753,1
46005,South Dakota,Beadle,19152,1
46007,South Dakota,Bennett,3379,1
46009,South Dakota,Bon Homme,6995,1
46011,South Dakota,Brookings,34376,1
46013,South Dakota,Brown,38296,1
46015,South Dakota,Brule,5247,1
46017,South Dakota,Buffalo,1945,1
46019,South Dakota,Butte,10242,1
46021,South Dakota,Campbell,1378,1
46023,South Dakota,Charles Mix,9384,1
46025,South Dakota,Clark,3839,1
46027,South Dakota,Clay,14971,1
46029,South Dakota,Codington,28323,1
46031,South Dakota,Corson,3896,1
46033,South Dakota,Custer,8325,1
46035,South Dakota,Davison,19950,1
46037,South Dakota,Day,5444,1
46039,South Dakota,Deuel,4301,1
46041,South Dakota,Dewey,5243,1
46043,South Dakota,Douglas,2833,1
46045,South Dakota,Edmunds,3996,1
46047,South Dakota,Fall River,6971,1
46049,South Dakota,Faulk,2124,1
46051,South Dakota,Grant,7562,1
46053,South Dakota,Gregory,3991,1
46055,South Dakota,Haakon,1874,1
46057,South Dakota,Hamlin,6162,1
46059,South Dakota,Hand,3148,1
46061,South Dakota,Hanson,3458,1
46063,South Dakota,Harding,1310,1
46065,South Dakota,Hughes,17770,1
46067,South Dakota,Hutchinson,7425,1
46069,South Dakota,Hyde,1263,1
46071,South Dakota,Jackson,2808,1
46073,South Dakota,Jerauld,1657,1
46075,South Dakota,Jones,917,1
46077,South Dakota,Kingsbury,5187,1
46079,South Dakota,Lake,11064,1
46081,South Dakota,Lawrence,25776,1
46083,South Dakota,Lincoln,65156,0
46085,South Dakota,Lyman,3714,1
46087,South Dakota,McCook,5683,1
46089,South Dakota,McPherson,2410,1
46091,South Dakota,Marshall,4300,1
46093,South Dakota,Meade,29850,1
46095,South Dakota,Mellette,1921,1
46097,South Dakota,Miner,2300,1
46099,South Dakota,Minnehaha,197221,0
46101,South Dakota,Moody,6336,1
46102,South Dakota,Oglala Lakota,13671,1
46103,South Dakota,Pennington,109229,0
46105,South Dakota,Perkins,2849,1
46107,South Dakota,Potter,2474,1
46109,South Dakota,Roberts,10282,1
46111,South Dakota,Sanborn,2335,1
46115,South Dakota,Spink,6357,1
46117,South Dakota,Stanley,2980,1
46119,South Dakota,Sully,1447,1
46121,South Dakota,Todd,9322,1
46123,South Dakota,Tripp,5625,1
46125,South Dakota,Turner,8674,1
46127,South Dakota,Union,16814,1
46129,South Dakota,Walworth,5318,1
46135,South Dakota,Yankton,23312,1
46137,South Dakota,Ziebach,2414,1
47001,Tennessee,Anderson,77154,0
47003,Tennessee,Bedford,50246,0
47005,Tennessee,Benton,15865,1
47007,Tennessee,Bledsoe,14916,1
47009,Tennessee,Blount,135284,0
47011,Tennessee,Bradley,108620,0
47013,Tennessee,Campbell,39278,1
47015,Tennessee,Cannon,14503,1
47017,Tennessee,Carroll,28436,1
47019,Tennessee,Carter,56363,0
47021,Tennessee,Cheatham,41021,1
47023,Tennessee,Chester,17352,1
47025,Tennessee,Claiborne,32037,1
47027,Tennessee,Clay,7585,1
47029,Tennessee,Cocke,35997,1
47031,Tennessee,Coffee,57889,0
47033,Tennessee,Crockett,13908,1
47035,Tennessee,Cumberland,61145,0
47037,Tennessee,Davidson,715884,0
47039,Tennessee,Decatur,11436,1
47041,Tennessee,DeKalb,20079,1
47043,Tennessee,Dickson,54317,0
47045,Tennessee,Dyer,36799,1
47047,Tennessee,Fayette,41714,1
47049,Tennessee,Fentress,18487,1
47051,Tennessee,Franklin,42733,1
47053,Tennessee,Gibson,50413,0
47055,Tennessee,Giles,30343,1
47057,Tennessee,Grainger,23528,1
47059,Tennessee,Greene,70161,0
47061,Tennessee,Grundy,13533,1
47063,Tennessee,Hamblen,64497,0
47065,Tennessee,Hamilton,366837,0
47067,Tennessee,Hancock,6660,1
47069,Tennessee,Hardeman,25461,1
47071,Tennessee,Hardin,26977,1
47073,Tennessee,Hawkins,56723,0
47075,Tennessee,Haywood,17861,1
47077,Tennessee,Henderson,27840,1
47079,Tennessee,Henry,32196,1
47081,Tennessee,Hickman,24907,1
47083,Tennessee,Houston,8284,1
47085,Tennessee,Humphreys,18985,1
47087,Tennessee,Jackson,11614,1
47089,Tennessee,Jefferson,54681,0
47091,Tennessee,Johnson,17952,1
47093,Tennessee,Knox,478959,0
47095,Tennessee,Lake,6999,1
47097,Tennessee,Lauderdale,25140,1
47099,Tennessee,Lawrence,44154,1
47101,Tennessee,Lewis,12583,1
47103,Tennessee,Lincoln,35324,1
47105,Tennessee,Loudon,54891,0
47107,Tennessee,McMinn,53274,0
47109,Tennessee,McNairy,25855,1
47111,Tennessee,Macon,25217,1
47113,Tennessee,Madison,98832,0
47115,Tennessee,Marion,28871,1
47117,Tennessee,Marshall,34322,1
47119,Tennessee,Maury,100974,0
47121,Tennessee,Meigs,12756,1
47123,Tennessee,Monroe,46250,1
47125,Tennessee,Montgomery,220012,0
47127,Tennessee,Moore,6463,1
47129,Tennessee,Morgan,21036,1
47131,Tennessee,Obion,30791,1
47133,Tennessee,Overton,22505,1
47135,Tennessee,Perry,8387,1
47137,Tennessee,Pickett,5003,1
47139,Tennessee,Polk,17544,1
47141,Tennessee,Putnam,79858,0
47143,Tennessee,Rhea,33220,1
47145,Tennessee,Roane,53542,0
47147,Tennessee,Robertson,72811,0
47149,Tennessee,Rutherford,341478,0
47151,Tennessee,Scott,21847,1
47153,Tennessee,Sequatchie,15823,1
47155,Tennessee,Sevier,98679,0
47157,Tennessee,Shelby,930015,0
47159,Tennessee,Smith,19908,1
47161,Tennessee,Stewart,13658,1
47163,Tennessee,Sullivan,158161,0
47165,Tennessee,Sumner,196280,0
47167,Tennessee,Tipton,60977,0
47169,Tennessee,Trousdale,11609,1
47171,Tennessee,Unicoi,17912,1
47173,Tennessee,Union,19802,1
47175,Tennessee,Van Buren,6169,1
47177,Tennessee,Warren,40950,1
47179,Tennessee,Washington,133005,0
47181,Tennessee,Wayne,16231,1
47183,Tennessee,Weakley,32899,1
47185,Tennessee,White,27354,1
47187,Tennessee,Williamson,247777,0
47189,Tennessee,Wilson,147739,0
48001,Texas,Anderson,57927,0
48003,Texas,Andrews,18611,1
48005,Texas,Angelina,86512,0
48007,Texas,Aransas,23835,1
48009,Texas,Archer,8554,1
48011,Texas,Armstrong,1848,1
48013,Texas,Atascosa,49134,1
48015,Texas,Austin,30167,1
48017,Texas,Bailey,6903,1
48019,Texas,Bandera,20842,1
48021,Texas,Bastrop,97230,0
48023,Texas,Baylor,3465,1
48025,Texas,Bee,31054,1
48027,Texas,Bell,370790,0
48029,Texas,Bexar,2009323,0
48031,Texas,Blanco,11377,1
48033,Texas,Borden,629,1
48035,Texas,Bosque,18229,1
48037,Texas,Bowie,92892,0
48039,Texas,Brazoria,372040,0
48041,Texas,Brazos,233849,0
48043,Texas,Brewster,9547,1
48045,Texas,Briscoe,1437,1
48047,Texas,Brooks,7127,1
48049,Texas,Brown,38107,1
48051,Texas,Burleson,17642,1
48053,Texas,Burnet,49123,1
48055,Texas,Caldwell,45879,1
48057,Texas,Calhoun,20104,1
48059,Texas,Callahan,13710,1
48061,Texas,Cameron,421126,0
48063,Texas,Camp,12466,1
48065,Texas,Carson,5801,1
48067,Texas,Cass,28448,1
48069,Texas,Castro,7372,1
48071,Texas,Chambers,46543,1
48073,Texas,Cherokee,50529,0
48075,Texas,Childress,6667,1
48077,Texas,Clay,10217,1
48079,Texas,Cochran,2550,1
48081,Texas,Coke,3305,1
48083,Texas,Coleman,7682,1
48085,Texas,Collin,1066331,0
48087,Texas,Collingsworth,2653,1
48089,Texas,Colorado,20640,1
48091,Texas,Comal,161466,0
48093,Texas,Comanche,13591,1
48095,Texas,Concho,3300,1
48097,Texas,Cooke,41669,1
48099,Texas,Coryell,83088,0
48101,Texas,Cottle,1380,1
48103,Texas,Crane,4676,1
48105,Texas,Crockett,3097,1
48107,Texas,Crosby,5126,1
48109,Texas,Culberson,2187,1
48111,Texas,Dallam,7134,1
48113,Texas,Dallas,2611995,0
48115,Texas,Dawson,12457,1
48117,Texas,Deaf Smith,18584,1
48119,Texas,Delta,5226,1
48121,Texas,Denton,906485,0
48123,Texas,DeWitt,19828,1
48125,Texas,Dickens,1771,1
48127,Texas,Dimmit,8615,1
48129,Texas,Donley,3262,1
48131,Texas,Duval,9828,1
48133,Texas,Eastland,17750,1
48135,Texas,Ector,165182,0
48137,Texas,Edwards,1423,1
48139,Texas,Ellis,192451,0
48141,Texas,El Paso,865710,0
48143,Texas,Erath,42543,1
48145,Texas,Falls,16969,1
48147,Texas,Fannin,35837,1
48149,Texas,Fayette,24473,1
48151,Texas,Fisher,3672,1
48153,Texas,Floyd,5401,1
48155,Texas,Foard,1097,1
48157,Texas,Fort Bend,822989,0
48159,Texas,Franklin,10355,1
48161,Texas,Freestone,19440,1
48163,Texas,Frio,18391,1
48165,Texas,Gaines,21602,1
48167,Texas,Galveston,350686,0
48169,Texas,Garza,5818,1
48171,Texas,Gillespie,26743,1
48173,Texas,Glasscock,1115,1
48175,Texas,Goliad,7018,1
48177,Texas,Gonzales,19657,1
48179,Texas,Gray,21225,1
48181,Texas,Grayson,135592,0
48183,Texas,Gregg,124301,0
48185,Texas,Grimes,29296,1
48187,Texas,Guadalupe,172712,0
48189,Texas,Hale,32526,1
48191,Texas,Hall,2819,1
48193,Texas,Hamilton,8220,1
48195,Texas,Hansford,5273,1
48197,Texas,Hardeman,3550,1
48199,Texas,Hardin,56237,0
48201,Texas,Harris,4731433,0
48203,Texas,Harrison,68834,0
48205,Texas,Hartley,5366,1
48207,Texas,Haskell,5416,1
48209,Texas,Hays,241069,0
48211,Texas,Hemphill,3384,1
48213,Texas,Henderson,82144,0
48215,Texas,Hidalgo,870790,0
48217,Texas,Hill,35867,1
48219,Texas,Hockley,21534,1
48221,Texas,Hood,61594,0
48223,Texas,Hopkins,36790,1
48225,Texas,Houston,22078,1
48227,Texas,Howard,34860,1
48229,Texas,Hudspeth,3202,1
48231,Texas,Hunt,99949,0
48233,Texas,Hutchinson,20620,1
48235,Texas,Irion,1514,1
48237,Texas,Jack,8473,1
48239,Texas,Jackson,14990,1
48241,Texas,Jasper,32980,1
48243,Texas,Jeff Davis,1998,1
48245,Texas,Jefferson,256543,0
48247,Texas,Jim Hogg,4835,1
48249,Texas,Jim Wells,38901,1
48251,Texas,Johnson,179995,0
48253,Texas,Jones,19663,1
48255,Texas,Karnes,14771,1
48257,Texas,Kaufman,145330,0
48259,Texas,Kendall,44303,1
48261,Texas,Kenedy,351,1
48263,Texas,Kent,751,1
48265,Texas,Kerr,52598,0
48267,Texas,Kimble,4282,1
48269,Texas,King,263,1
48271,Texas,Kinney,3131,1
48273,Texas,Kleberg,31040,1
48275,Texas,Knox,3357,1
48277,Texas,Lamar,50083,0
48279,Texas,Lamb,13043,1
48281,Texas,Lampasas,21625,1
48283,Texas,La Salle,6660,1
48285,Texas,Lavaca,20338,1
48287,Texas,Lee,17482,1
48289,Texas,Leon,15761,1
48291,Texas,Liberty,91658,0
48293,Texas,Limestone,22153,1
48295,Texas,Lipscomb,3061,1
48297,Texas,Live Oak,11330,1
48299,Texas,Llano,21277,1
48301,Texas,Loving,65,1
48303,Texas,Lubbock,310635,0
48305,Texas,Lynn,5590,1
48307,Texas,McCulloch,7629,1
48309,Texas,McLennan,260582,0
48311,Texas,McMullen,599,1
48313,Texas,Madison,13461,1
48315,Texas,Marion,9843,1
48317,Texas,Martin,5247,1
48319,Texas,Mason,3951,1
48321,Texas,Matagorda,36258,1
48323,Texas,Maverick,57881,0
48325,Texas,Medina,50857,0
48327,Texas,Menard,1964,1
48329,Texas,Midland,170340,0
48331,Texas,Milam,24749,1
48333,Texas,Mills,4455,1
48335,Texas,Mitchell,8992,1
48337,Texas,Montague,20011,1
48339,Texas,Montgomery,620567,0
48341,Texas,Moore,21363,1
48343,Texas,Morris,11971,1
48345,Texas,Motley,1064,1
48347,Texas,Nacogdoches,64669,0
48349,Texas,Navarro,52645,0
48351,Texas,Newton,12218,1
48353,Texas,Nolan,14741,1
48355,Texas,Nueces,353357,0
48357,Texas,Ochiltree,10013,1
48359,Texas,Oldham,1758,1
48361,Texas,Orange,84815,0
48363,Texas,Palo Pinto,28408,1
48365,Texas,Panola,22496,1
48367,Texas,Parker,148221,0
48369,Texas,Parmer,9870,1
48371,Texas,Pecos,15193,1
48373,Texas,Polk,50118,0
48375,Texas,Potter,118557,0
48377,Texas,Presidio,6131,1
48379,Texas,Rains,12154,1
48381,Texas,Randall,140741,0
48383,Texas,Reagan,3427,1
48385,Texas,Real,2758,1
48387,Texas,Red River,11584,1
48389,Texas,Reeves,14745,1
48391,Texas,Refugio,6736,1
48393,Texas,Roberts,829,1
48395,Texas,Robertson,16754,1
48397,Texas,Rockwall,107884,0
48399,Texas,Runnels,9900,1
48401,Texas,Rusk,52216,0
48403,Texas,Sabine,9894,1
48405,Texas,San Augustine,7923,1
48407,Texas,San Jacinto,27400,1
48409,Texas,San Patricio,68753,0
48411,Texas,San Saba,5725,1
48413,Texas,Schleicher,2452,1
48415,Texas,Scurry,16910,1
48417,Texas,Shackelford,3106,1
48419,Texas,Shelby,24140,1
48421,Texas,Sherman,2784,1
48423,Texas,Smith,233480,0
48425,Texas,Somervell,9205,1
48427,Texas,Starr,65921,0
48429,Texas,Stephens,9099,1
48431,Texas,Sterling,1372,1
48433,Texas,Stonewall,1245,1
48435,Texas,Sutton,3374,1
48437,Texas,Swisher,6973,1
48439,Texas,Tarrant,2110999,0
48441,Texas,Taylor,143238,0
48443,Texas,Terrell,760,1
48445,Texas,Terry,11827,1
48447,Texas,Throckmorton,1441,1
48449,Texas,Titus,31241,1
48451,Texas,Tom Green,120005,0
48453,Texas,Travis,1290151,0
48455,Texas,Trinity,13604,1
48457,Texas,Tyler,19817,1
48459,Texas,Upshur,40886,1
48461,Texas,Upton,3310,1
48463,Texas,Uvalde,24566,1
48465,Texas,Val Verde,47588,1
48467,Texas,Van Zandt,59534,0
48469,Texas,Victoria,91322,0
48471,Texas,Walker,76408,0
48473,Texas,Waller,56750,0
48475,Texas,Ward,11643,1
48477,Texas,Washington,35797,1
48479,Texas,Webb,267114,0
48481,Texas,Wharton,41590,1
48483,Texas,Wheeler,4987,1
48485,Texas,Wichita,129360,0
48487,Texas,Wilbarger,12890,1
48489,Texas,Willacy,20162,1
48491,Texas,Williamson,609057,0
48493,Texas,Wilson,49750,1
48495,Texas,Winkler,7791,1
48497,Texas,Wise,68618,0
48499,Texas,Wood,44849,1
48501,Texas,Yoakum,7691,1
48503,Texas,Young,17864,1
48505,Texas,Zapata,13888,1
48507,Texas,Zavala,9667,1
49001,Utah,Beaver,7073,1
49003,Utah,Box Elder,57665,0
49005,Utah,Cache,133152,0
49007,Utah,Carbon,20407,1
49009,Utah,Daggett,936,1
49011,Utah,Davis,362681,0
49013,Utah,Duchesne,19609,1
49015,Utah,Emery,9826,1
49017,Utah,Garfield,5081,1
49019,Utah,Grand,9672,1
49021,Utah,Iron,57281,0
49023,Utah,Juab,11784,1
49025,Utah,Kane,7661,1
49027,Utah,Millard,12981,1
49029,Utah,Morgan,12297,1
49031,Utah,Piute,1442,1
49033,Utah,Rich,2512,1
49035,Utah,Salt Lake,1185234,0
49037,Utah,San Juan,14508,1
49039,Utah,Sanpete,28438,1
49041,Utah,Sevier,21516,1
49043,Utah,Summit,42361,1
49045,Utah,Tooele,72700,0
49047,Utah,Uintah,35613,1
49049,Utah,Utah,659397,0
49051,Utah,Wasatch,34787,1
49053,Utah,Washington,180289,0
49055,Utah,Wayne,2487,1
49057,Utah,Weber,262218,0
50001,Vermont,Addison,37360,1
50003,Vermont,Bennington,37349,1
50005,Vermont,Caledonia,30230,1
50007,Vermont,Chittenden,168340,0
50009,Vermont,Essex,5920,1
50011,Vermont,Franklin,49951,1
50013,Vermont,Grand Isle,7289,1
50015,Vermont,Lamoille,25945,1
50017,Vermont,Orange,29281,1
50019,Vermont,Orleans,27396,1
50021,Vermont,Rutland,60552,0
50023,Vermont,Washington,59806,0
50025,Vermont,Windham,45930,1
50027,Vermont,Windsor,57733,0
51001,Virginia,Accomack,33421,1
51003,Virginia,Albemarle,112438,0
51005,Virginia,Alleghany,15222,1
51007,Virginia,Amelia,13260,1
51009,Virginia,Amherst,31311,1
51011,Virginia,Appomattox,16118,1
51013,Virginia,Arlington,238646,0
51015,Virginia,Augusta,77492,0
51017,Virginia,Bath,4207,1
51019,Virginia,Bedford,79483,0
51021,Virginia,Bland,6272,1
51023,Virginia,Botetourt,33592,1
51025,Virginia,Brunswick,15851,1
51027,Virginia,Buchanan,20346,1
51029,Virginia,Buckingham,16832,1
51031,Virginia,Campbell,55666,0
51033,Virginia,Caroline,30887,1
51035,Virginia,Carroll,29153,1
51036,Virginia,Charles City,6771,1
51037,Virginia,Charlotte,11530,1
51041,Virginia,Chesterfield,364087,0
51043,Virginia,Clarke,14788,1
51045,Virginia,Craig,4896,1
51047,Virginia,Culpeper,52546,0
51049,Virginia,Cumberland,9689,1
51051,Virginia,Dickenson,14130,1
51053,Virginia,Dinwiddie,27936,1
51057,Virginia,Essex,10599,1
51059,Virginia,Fairfax,1150292,0
51061,Virginia,Fauquier,72964,0
51063,Virginia,Floyd,15476,1
51065,Virginia,Fluvanna,27250,1
51067,Virginia,Franklin,54457,0
51069,Virginia,Frederick,91451,0
51071,Virginia,Giles,16790,1
51073,Virginia,Gloucester,38714,1
51075,Virginia,Goochland,24746,1
51077,Virginia,Grayson,15332,1
51079,Virginia,Greene,20554,1
51081,Virginia,Greensville,11400,1
51083,Virginia,Halifax,34023,1
51085,Virginia,Hanover,109976,0
51087,Virginia,Henrico,334961,0
51089,Virginia,Henry,50945,0
51091,Virginia,Highland,2232,1
51093,Virginia,Isle of Wight,38611,1
51095,Virginia,James City,78252,0
51097,Virginia,King and Queen,6607,1
51099,Virginia,King George,26724,1
51101,Virginia,King William,17813,1
51103,Virginia,Lancaster,10925,1
51105,Virginia,Lee,22172,1
51107,Virginia,Loudoun,420955,0
51109,Virginia,Louisa,37583,1
51111,Virginia,Lunenburg,11939,1
51113,Virginia,Madison,13840,1
51115,Virginia,Mathews,8534,1
51117,Virginia,Mecklenburg,30315,1
51119,Virginia,Middlesex,10621,1
51121,Virginia,Montgomery,99725,0
51125,Virginia,Nelson,14770,1
51127,Virginia,New Kent,22946,1
51131,Virginia,Northampton,12280,1
51133,Virginia,Northumberland,11835,1
51135,Virginia,Nottoway,15646,1
51137,Virginia,Orange,36183,1
51139,Virginia,Page,23706,1
51141,Virginia,Patrick,17606,1
51143,Virginia,Pittsylvania,60509,0
51145,Virginia,Powhatan,30342,1
51147,Virginia,Prince Edward,21836,1
51149,Virginia,Prince George,43006,1
51153,Virginia,Prince William,482209,0
51155,Virginia,Pulaski,33790,1
51157,Virginia,Rappahannock,7351,1
51159,Virginia,Richmond,8917,1
51161,Virginia,Roanoke,96956,0
51163,Virginia,Rockbridge,22658,1
51165,Virginia,Rockingham,83765,0
51167,Virginia,Russell,25781,1
51169,Virginia,Scott,21566,1
51171,Virginia,Shenandoah,44179,1
51173,Virginia,Smyth,29793,1
51175,Virginia,Southampton,17997,1
51177,Virginia,Spotsylvania,140095,0
51179,Virginia,Stafford,156937,0
51181,Virginia,Surry,6558,1
51183,Virginia,Sussex,10838,1
51185,Virginia,Tazewell,40440,1
51187,Virginia,Warren,40724,1
51191,Virginia,Washington,53940,0
51193,Virginia,Westmoreland,18471,1
51195,Virginia,Wise,36118,1
51197,Virginia,Wythe,28288,1
51199,Virginia,York,70054,0
51510,Virginia,Alexandria,159463,0
51520,Virginia,Bristol,17222,1
51530,Virginia,Buena Vista,6641,1
51540,Virginia,Charlottesville,46513,1
51550,Virginia,Chesapeake,249302,0
51570,Virginia,Colonial Heights,18146,1
51580,Virginia,Covington,5746,1
51590,Virginia,Danville,42586,1
51595,Virginia,Emporia,5751,1
51600,Virginia,Fairfax,24147,1
51610,Virginia,Falls Church,14657,1
51620,Virginia,Franklin,8177,1
51630,Virginia,Fredericksburg,27976,1
51640,Virginia,Galax,6727,1
51650,Virginia,Hampton,137154,0
51660,Virginia,Harrisonburg,51811,0
51670,Virginia,Hopewell,23032,1
51678,Virginia,Lexington,7311,1
51680,Virginia,Lynchburg,79017,0
51683,Virginia,Manassas,42773,1
51685,Virginia,Manassas Park,17218,1
51690,Virginia,Martinsville,13482,1
51700,Virginia,Newport News,186239,0
51710,Virginia,Norfolk,238029,0
51720,Virginia,Norton,3696,1
51730,Virginia,Petersburg,33465,1
51735,Virginia,Poquoson,12454,1
51740,Virginia,Portsmouth,97945,0
51750,Virginia,Radford,16063,1
51760,Virginia,Richmond,226525,0
51770,Virginia,Roanoke,100016,0
51775,Virginia,Salem,25341,1
51790,Virginia,Staunton,25751,1
51800,Virginia,Suffolk,94406,0
51810,Virginia,Virginia Beach,459444,0
51820,Virginia,Waynesboro,22193,1
51830,Virginia,Williamsburg,15416,1
51840,Virginia,Winchester,28115,1
53001,Washington,Adams,20610,1
53003,Washington,Asotin,22288,1
53005,Washington,Benton,206869,0
53007,Washington,Chelan,79144,0
53009,Washington,Clallam,77159,0
53011,Washington,Clark,503308,0
53013,Washington,Columbia,3954,1
53015,Washington,Cowlitz,110736,0
53017,Washington,Douglas,42933,1
53019,Washington,Ferry,7179,1
53021,Washington,Franklin,96747,0
53023,Washington,Garfield,2287,1
53025,Washington,Grant,99125,0
53027,Washington,Grays Harbor,75639,0
53029,Washington,Island,86859,0
53031,Washington,Jefferson,32970,1
53033,Washington,King,2269666,0
53035,Washington,Kitsap,275618,0
53037,Washington,Kittitas,46535,1
53039,Washington,Klickitat,22735,1
53041,Washington,Lewis,82151,0
53043,Washington,Lincoln,10878,1
53045,Washington,Mason,65718,0
53047,Washington,Okanogan,42097,1
53049,Washington,Pacific,23363,1
53051,Washington,Pend Oreille,13401,1
53053,Washington,Pierce,921162,0
53055,Washington,San Juan,17786,1
53057,Washington,Skagit,129518,0
53059,Washington,Skamania,12036,1
53061,Washington,Snohomish,827955,0
53063,Washington,Spokane,539346,0
53065,Washington,Stevens,46446,1
53067,Washington,Thurston,294802,0
53069,Washington,Wahkiakum,4424,1
53071,Washington,Walla Walla,62587,0
53073,Washington,Whatcom,226844,0
53075,Washington,Whitman,47979,1
53077,Washington,Yakima,256732,0
54001,West Virginia,Barbour,15459,1
54003,West Virginia,Berkeley,122070,0
54005,West Virginia,Boone,21810,1
54007,West Virginia,Braxton,12446,1
54009,West Virginia,Brooke,22558,1
54011,West Virginia,Cabell,94350,0
54013,West Virginia,Calhoun,6224,1
54015,West Virginia,Clay,8055,1
54017,West Virginia,Doddridge,7810,1
54019,West Virginia,Fayette,40499,1
54021,West Virginia,Gilmer,7418,1
54023,West Virginia,Grant,10980,1
54025,West Virginia,Greenbrier,32983,1
54027,West Virginia,Hampshire,23077,1
54029,West Virginia,Hancock,29098,1
54031,West Virginia,Hardy,14297,1
54033,West Virginia,Harrison,65915,0
54035,West Virginia,Jackson,27793,1
54037,West Virginia,Jefferson,57703,0
54039,West Virginia,Kanawha,180721,0
54041,West Virginia,Lewis,17030,1
54043,West Virginia,Lincoln,20460,1
54045,West Virginia,Logan,32573,1
54047,West Virginia,McDowell,19119,1
54049,West Virginia,Marion,56210,0
54051,West Virginia,Marshall,30617,1
54053,West Virginia,Mason,25459,1
54055,West Virginia,Mercer,59654,0
54057,West Virginia,Mineral,26942,1
54059,West Virginia,Mingo,23571,1
54061,West Virginia,Monongalia,105823,0
54063,West Virginia,Monroe,12379,1
54065,West Virginia,Morgan,17064,1
54067,West Virginia,Nicholas,24607,1
54069,West Virginia,Ohio,42405,1
54071,West Virginia,Pendleton,6141,1
54073,West Virginia,Pleasants,7653,1
54075,West Virginia,Pocahontas,7873,1
54077,West Virginia,Preston,34215,1
54079,West Virginia,Putnam,57436,0
54081,West Virginia,Raleigh,74592,0
54083,West Virginia,Randolph,27932,1
54085,West Virginia,Ritchie,8445,1
54087,West Virginia,Roane,14024,1
54089,West Virginia,Summers,11967,1
54091,West Virginia,Taylor,16706,1
54093,West Virginia,Tucker,6764,1
54095,West Virginia,Tyler,8305,1
54097,West Virginia,Upshur,23818,1
54099,West Virginia,Wayne,38980,1
54101,West Virginia,Webster,8375,1
54103,West Virginia,Wetzel,14458,1
54105,West Virginia,Wirt,5196,1
54107,West Virginia,Wood,84293,0
54109,West Virginia,Wyoming,21384,1
55001,Wisconsin,Adams,20651,1
55003,Wisconsin,Ashland,16028,1
55005,Wisconsin,Barron,46709,1
55007,Wisconsin,Bayfield,16218,1
55009,Wisconsin,Brown,268746,0
55011,Wisconsin,Buffalo,13314,1
55013,Wisconsin,Burnett,16524,1
55015,Wisconsin,Calumet,52440,0
55017,Wisconsin,Chippewa,66301,0
55019,Wisconsin,Clark,34615,1
55021,Wisconsin,Columbia,58476,0
55023,Wisconsin,Crawford,16112,1
55025,Wisconsin,Dane,561491,0
55027,Wisconsin,Dodge,89386,0
55029,Wisconsin,Door,30064,1
55031,Wisconsin,Douglas,44290,1
55033,Wisconsin,Dunn,45438,1
55035,Wisconsin,Eau Claire,105696,0
55037,Wisconsin,Florence,4558,1
55039,Wisconsin,Fond du Lac,104144,0
55041,Wisconsin,Forest,9178,1
55043,Wisconsin,Grant,51938,0
55045,Wisconsin,Green,37084,1
55047,Wisconsin,Green Lake,19024,1
55049,Wisconsin,Iowa,23716,1
55051,Wisconsin,Iron,6131,1
55053,Wisconsin,Jackson,21138,1
55055,Wisconsin,Jefferson,86163,0
55057,Wisconsin,Juneau,26720,1
55059,Wisconsin,Kenosha,169152,0
55061,Wisconsin,Kewaunee,20566,1
55063,Wisconsin,La Crosse,120799,0
55065,Wisconsin,Lafayette,16596,1
55067,Wisconsin,Langlade,19493,1
55069,Wisconsin,Lincoln,28416,1
55071,Wisconsin,Manitowoc,81380,0
55073,Wisconsin,Marathon,138062,0
55075,Wisconsin,Marinette,41882,1
55077,Wisconsin,Marquette,15580,1
55078,Wisconsin,Menominee,4251,1
55079,Wisconsin,Milwaukee,939486,0
55081,Wisconsin,Monroe,46266,1
55083,Wisconsin,Oconto,38963,1
55085,Wisconsin,Oneida,37847,1
55087,Wisconsin,Outagamie,190702,0
55089,Wisconsin,Ozaukee,91506,0
55091,Wisconsin,Pepin,7321,1
55093,Wisconsin,Pierce,42204,1
55095,Wisconsin,Polk,44969,1
55097,Wisconsin,Portage,70375,0
55099,Wisconsin,Price,14057,1
55101,Wisconsin,Racine,198227,0
55103,Wisconsin,Richland,17309,1
55105,Wisconsin,Rock,163687,0
55107,Wisconsin,Rusk,14191,1
55109,Wisconsin,St. Croix,93543,0
55111,Wisconsin,Sauk,65772,0
55113,Wisconsin,Sawyer,18075,1
55115,Wisconsin,Shawano,40878,1
55117,Wisconsin,Sheboygan,118033,0
55119,Wisconsin,Taylor,19913,1
55121,Wisconsin,Trempealeau,30755,1
55123,Wisconsin,Vernon,30724,1
55125,Wisconsin,Vilas,23044,1
55127,Wisconsin,Walworth,105217,0
55129,Wisconsin,Washburn,16629,1
55131,Wisconsin,Washington,136763,0
55133,Wisconsin,Waukesha,406980,0
55135,Wisconsin,Waupaca,51817,0
55137,Wisconsin,Waushara,24523,1
55139,Wisconsin,Winnebago,171718,0
55141,Wisconsin,Wood,74206,0
56001,Wyoming,Albany,37071,1
56003,Wyoming,Big Horn,11518,1
56005,Wyoming,Campbell,47027,1
56007,Wyoming,Carbon,14532,1
56009,Wyoming,Converse,13755,1
56011,Wyoming,Crook,7176,1
56013,Wyoming,Fremont,39221,1
56015,Wyoming,Goshen,12504,1
56017,Wyoming,Hot Springs,4618,1
56019,Wyoming,Johnson,8452,1
56021,Wyoming,Laramie,100510,0
56023,Wyoming,Lincoln,19581,1
56025,Wyoming,Natrona,79964,0
56027,Wyoming,Niobrara,2470,1
56029,Wyoming,Park,29624,1
56031,Wyoming,Platte,8601,1
56033,Wyoming,Sheridan,30922,1
56035,Wyoming,Sublette,8730,1
56037,Wyoming,Sweetwater,42270,1
56039,Wyoming,Teton,23327,1
56041,Wyoming,Uinta,20448,1
56043,Wyoming,Washakie,7685,1
56045,Wyoming,Weston,6838,1
